event_id,user_id,event_date,event_type,plan,mrr_impact,cancel_reason
1,1,2025-10-16,trial_start,,0.0,
2,1,2025-10-23,trial_churn,,0.0,
3,2,2024-04-14,trial_start,,0.0,
4,2,2024-04-21,subscription_start,Premium,21.99,
5,2,2026-05-11,cancellation,Premium,-21.99,price
6,3,2024-08-26,trial_start,,0.0,
7,3,2024-09-02,trial_churn,,0.0,
8,4,2025-04-04,subscription_start,Premium,21.99,
9,4,2025-11-30,downgrade,Standard,15.99,
10,5,2024-12-14,trial_start,,0.0,
11,5,2024-12-21,trial_churn,,0.0,
12,6,2025-01-24,subscription_start,Basic,9.99,
13,7,2026-01-17,trial_start,,0.0,
14,7,2026-01-24,trial_churn,,0.0,
15,8,2024-10-27,trial_start,,0.0,
16,8,2024-11-03,subscription_start,Standard,15.99,
17,8,2025-02-01,cancellation,Standard,-15.99,price
18,8,2025-07-17,reactivation,Premium,21.99,
19,8,2025-11-14,cancellation,Premium,-21.99,found_alternative
20,8,2026-03-24,reactivation,Premium,21.99,
21,9,2024-03-12,subscription_start,Standard,15.99,
22,10,2026-06-06,trial_start,,0.0,
23,10,2026-06-13,trial_churn,,0.0,
24,11,2024-12-29,trial_start,,0.0,
25,11,2025-01-05,trial_churn,,0.0,
26,12,2024-06-24,trial_start,,0.0,
27,12,2024-07-01,subscription_start,Premium,21.99,
28,12,2025-10-24,downgrade,Basic,9.99,
29,12,2026-04-22,cancellation,Basic,-9.99,price
30,13,2025-10-17,trial_start,,0.0,
31,13,2025-10-24,subscription_start,Standard,15.99,
32,13,2025-11-23,cancellation,Standard,-15.99,price
33,13,2026-02-18,reactivation,Premium,21.99,
34,13,2026-04-19,cancellation,Premium,-21.99,not_using
35,14,2024-02-02,subscription_start,Basic,9.99,
36,14,2024-08-30,cancellation,Basic,-9.99,price
37,15,2024-11-18,trial_start,,0.0,
38,15,2024-11-25,trial_churn,,0.0,
39,16,2024-05-22,trial_start,,0.0,
40,16,2024-05-29,subscription_start,Standard,15.99,
41,16,2025-11-20,cancellation,Standard,-15.99,price
42,17,2025-08-20,trial_start,,0.0,
43,17,2025-08-27,trial_churn,,0.0,
44,18,2024-04-03,subscription_start,Standard,15.99,
45,18,2025-07-27,downgrade,Basic,9.99,
46,18,2026-01-23,cancellation,Basic,-9.99,price
47,19,2025-03-08,trial_start,,0.0,
48,19,2025-03-15,trial_churn,,0.0,
49,20,2025-07-20,subscription_start,Standard,15.99,
50,21,2026-02-26,trial_start,,0.0,
51,21,2026-03-05,trial_churn,,0.0,
52,22,2026-01-09,subscription_start,Standard,15.99,
53,22,2026-03-10,upgrade,Premium,21.99,
54,23,2026-06-10,trial_start,,0.0,
55,23,2026-06-17,subscription_start,Basic,9.99,
56,24,2025-01-17,subscription_start,Premium,21.99,
57,24,2025-11-13,cancellation,Premium,-21.99,not_using
58,25,2025-09-05,subscription_start,Basic,9.99,
59,26,2026-05-01,subscription_start,Basic,9.99,
60,27,2024-03-28,subscription_start,Standard,15.99,
61,27,2024-06-26,downgrade,Basic,9.99,
62,27,2024-06-26,cancellation,Basic,-9.99,content_dissatisfaction
63,28,2024-05-11,subscription_start,Standard,15.99,
64,28,2025-11-02,cancellation,Standard,-15.99,price
65,29,2025-03-09,subscription_start,Standard,15.99,
66,29,2025-09-05,downgrade,Basic,9.99,
67,29,2026-03-04,cancellation,Basic,-9.99,price
68,30,2025-02-12,trial_start,,0.0,
69,30,2025-02-19,subscription_start,Standard,15.99,
70,30,2025-11-16,cancellation,Standard,-15.99,not_using
71,31,2024-08-18,trial_start,,0.0,
72,31,2024-08-25,trial_churn,,0.0,
73,32,2024-01-08,subscription_start,Standard,15.99,
74,33,2026-05-30,trial_start,,0.0,
75,33,2026-06-06,subscription_start,Standard,15.99,
76,34,2024-05-15,subscription_start,Family,27.99,
77,34,2025-06-09,downgrade,Premium,21.99,
78,34,2025-12-06,cancellation,Premium,-21.99,technical_issues
79,34,2026-02-13,reactivation,Basic,9.99,
80,35,2024-07-13,trial_start,,0.0,
81,35,2024-07-20,subscription_start,Standard,15.99,
82,35,2026-02-10,upgrade,Family,27.99,
83,36,2026-06-03,trial_start,,0.0,
84,36,2026-06-10,subscription_start,Premium,21.99,
85,37,2026-01-15,trial_start,,0.0,
86,37,2026-01-22,trial_churn,,0.0,
87,38,2025-04-04,subscription_start,Basic,9.99,
88,38,2025-09-01,cancellation,Basic,-9.99,content_dissatisfaction
89,39,2024-03-18,trial_start,,0.0,
90,39,2024-03-25,subscription_start,Standard,15.99,
91,39,2024-05-24,upgrade,Premium,21.99,
92,39,2024-12-20,cancellation,Premium,-21.99,technical_issues
93,40,2025-07-07,trial_start,,0.0,
94,40,2025-07-14,subscription_start,Standard,15.99,
95,40,2026-04-10,downgrade,Basic,9.99,
96,41,2025-05-12,trial_start,,0.0,
97,41,2025-05-19,subscription_start,Standard,15.99,
98,41,2026-04-14,cancellation,Standard,-15.99,price
99,42,2024-01-03,trial_start,,0.0,
100,42,2024-01-10,trial_churn,,0.0,
101,43,2025-12-14,trial_start,,0.0,
102,43,2025-12-21,subscription_start,Basic,9.99,
103,44,2024-02-29,trial_start,,0.0,
104,44,2024-03-07,subscription_start,Premium,21.99,
105,44,2024-08-04,upgrade,Family,27.99,
106,44,2024-10-03,downgrade,Basic,9.99,
107,44,2025-03-02,upgrade,Premium,21.99,
108,44,2026-03-27,downgrade,Standard,15.99,
109,45,2025-08-21,trial_start,,0.0,
110,45,2025-08-28,subscription_start,Standard,15.99,
111,46,2025-06-04,subscription_start,Basic,9.99,
112,47,2024-08-28,trial_start,,0.0,
113,47,2024-09-04,subscription_start,Standard,15.99,
114,47,2025-01-02,upgrade,Family,27.99,
115,47,2025-06-01,cancellation,Family,-27.99,content_dissatisfaction
116,48,2024-02-10,trial_start,,0.0,
117,48,2024-02-17,trial_churn,,0.0,
118,49,2024-09-24,trial_start,,0.0,
119,49,2024-10-01,subscription_start,Premium,21.99,
120,49,2025-08-27,downgrade,Standard,15.99,
121,49,2025-10-26,cancellation,Standard,-15.99,not_using
122,50,2025-11-18,trial_start,,0.0,
123,50,2025-11-25,trial_churn,,0.0,
124,51,2025-09-28,trial_start,,0.0,
125,51,2025-10-05,trial_churn,,0.0,
126,52,2024-05-15,trial_start,,0.0,
127,52,2024-05-22,subscription_start,Basic,9.99,
128,52,2026-06-11,cancellation,Basic,-9.99,price
129,53,2025-03-24,trial_start,,0.0,
130,53,2025-03-31,trial_churn,,0.0,
131,54,2026-04-16,trial_start,,0.0,
132,54,2026-04-23,subscription_start,Basic,9.99,
133,55,2024-04-19,subscription_start,Basic,9.99,
134,55,2024-09-16,cancellation,Basic,-9.99,found_alternative
135,56,2024-07-27,subscription_start,Premium,21.99,
136,56,2025-05-23,cancellation,Premium,-21.99,moved_competitor
137,57,2026-05-16,trial_start,,0.0,
138,57,2026-05-23,subscription_start,Standard,15.99,
139,57,2026-06-22,cancellation,Standard,-15.99,content_dissatisfaction
140,58,2024-12-07,trial_start,,0.0,
141,58,2024-12-14,subscription_start,Premium,21.99,
142,59,2025-03-13,trial_start,,0.0,
143,59,2025-03-20,trial_churn,,0.0,
144,60,2026-05-04,trial_start,,0.0,
145,60,2026-05-11,trial_churn,,0.0,
146,61,2025-01-08,subscription_start,Standard,15.99,
147,61,2025-03-09,cancellation,Standard,-15.99,found_alternative
148,61,2025-04-29,reactivation,Standard,15.99,
149,61,2026-05-24,cancellation,Standard,-15.99,content_dissatisfaction
150,62,2024-12-28,subscription_start,Basic,9.99,
151,62,2026-06-21,cancellation,Basic,-9.99,price
152,63,2024-08-30,trial_start,,0.0,
153,63,2024-09-06,subscription_start,Premium,21.99,
154,63,2025-12-30,cancellation,Premium,-21.99,not_using
155,64,2026-01-24,trial_start,,0.0,
156,64,2026-01-31,trial_churn,,0.0,
157,65,2026-03-17,trial_start,,0.0,
158,65,2026-03-24,subscription_start,Standard,15.99,
159,66,2026-04-16,trial_start,,0.0,
160,66,2026-04-23,subscription_start,Basic,9.99,
161,67,2025-11-06,subscription_start,Family,27.99,
162,67,2026-04-05,cancellation,Family,-27.99,technical_issues
163,68,2024-10-12,trial_start,,0.0,
164,68,2024-10-19,subscription_start,Basic,9.99,
165,68,2025-10-14,cancellation,Basic,-9.99,content_dissatisfaction
166,69,2024-01-29,subscription_start,Family,27.99,
167,70,2024-09-28,trial_start,,0.0,
168,70,2024-10-05,trial_churn,,0.0,
169,71,2025-06-07,trial_start,,0.0,
170,71,2025-06-14,subscription_start,Standard,15.99,
171,71,2025-11-11,cancellation,Standard,-15.99,price
172,72,2025-03-22,trial_start,,0.0,
173,72,2025-03-29,subscription_start,Standard,15.99,
174,72,2025-07-27,upgrade,Premium,21.99,
175,72,2026-05-23,cancellation,Premium,-21.99,found_alternative
176,73,2024-03-12,subscription_start,Premium,21.99,
177,73,2025-02-05,cancellation,Premium,-21.99,found_alternative
178,74,2024-11-03,subscription_start,Premium,21.99,
3224,74,2024-11-03,subscription_start,Premium,21.99,
179,74,2025-12-28,downgrade,Basic,9.99,
180,74,2026-04-27,cancellation,Basic,-9.99,content_dissatisfaction
181,75,2025-07-21,subscription_start,Standard,15.99,
182,76,2024-06-27,trial_start,,0.0,
183,76,2024-07-04,trial_churn,,0.0,
184,77,2024-08-03,trial_start,,0.0,
185,77,2024-08-10,trial_churn,,0.0,
186,78,2025-03-28,subscription_start,Premium,21.99,
187,78,2025-12-23,cancellation,Premium,-21.99,price
188,78,2026-04-22,reactivation,Premium,21.99,
189,79,2024-10-17,subscription_start,Standard,15.99,
190,79,2024-12-16,cancellation,Standard,-15.99,price
191,80,2026-02-08,trial_start,,0.0,
192,80,2026-02-15,subscription_start,Basic,9.99,
193,80,2026-06-15,cancellation,Basic,-9.99,not_using
194,81,2024-02-17,trial_start,,0.0,
195,81,2024-02-24,trial_churn,,0.0,
196,82,2026-06-26,trial_start,,0.0,
197,82,2026-07-03,trial_churn,,0.0,
198,83,2024-09-06,subscription_start,Basic,9.99,
199,83,2025-02-03,cancellation,Basic,-9.99,price
200,84,2024-08-12,trial_start,,0.0,
201,84,2024-08-19,subscription_start,Premium,21.99,
202,84,2024-09-18,downgrade,Basic,9.99,
203,85,2024-09-12,subscription_start,Premium,21.99,
204,86,2025-09-01,subscription_start,Standard,15.99,
205,87,2025-05-31,subscription_start,Basic,9.99,
206,87,2025-11-27,cancellation,Basic,-9.99,price
207,87,2026-05-30,reactivation,Basic,9.99,
208,88,2025-05-01,subscription_start,Basic,9.99,
209,89,2025-06-17,subscription_start,Basic,9.99,
210,89,2026-01-13,upgrade,Standard,15.99,
211,90,2024-08-28,trial_start,,0.0,
212,90,2024-09-04,trial_churn,,0.0,
213,91,2024-08-24,trial_start,,0.0,
214,91,2024-08-31,trial_churn,,0.0,
215,92,2024-12-04,trial_start,,0.0,
216,92,2024-12-11,trial_churn,,0.0,
217,93,2026-02-27,trial_start,,0.0,
218,93,2026-03-06,trial_churn,,0.0,
219,94,2024-01-07,trial_start,,0.0,
220,94,2024-01-14,subscription_start,Standard,15.99,
221,94,2025-12-04,cancellation,Standard,-15.99,content_dissatisfaction
222,95,2026-01-22,trial_start,,0.0,
223,95,2026-01-29,subscription_start,Basic,9.99,
224,96,2025-03-22,subscription_start,Standard,15.99,
225,96,2026-01-16,cancellation,Standard,-15.99,technical_issues
226,97,2026-05-10,trial_start,,0.0,
227,97,2026-05-17,subscription_start,Standard,15.99,
228,98,2025-02-07,trial_start,,0.0,
229,98,2025-02-14,subscription_start,Standard,15.99,
230,98,2025-10-12,cancellation,Standard,-15.99,price
231,99,2025-04-17,trial_start,,0.0,
232,99,2025-04-24,trial_churn,,0.0,
233,100,2024-12-11,trial_start,,0.0,
234,100,2024-12-18,subscription_start,Basic,9.99,
235,100,2025-03-18,cancellation,Basic,-9.99,technical_issues
236,101,2024-03-24,trial_start,,0.0,
237,101,2024-03-31,trial_churn,,0.0,
238,102,2024-03-11,trial_start,,0.0,
239,102,2024-03-18,subscription_start,Standard,15.99,
240,102,2025-03-13,cancellation,Standard,-15.99,not_using
241,103,2024-01-21,trial_start,,0.0,
242,103,2024-01-28,subscription_start,Premium,21.99,
243,103,2024-09-24,downgrade,Standard,15.99,
244,103,2025-05-22,upgrade,Premium,21.99,
245,103,2025-05-22,cancellation,Premium,-21.99,technical_issues
246,104,2024-08-11,trial_start,,0.0,
247,104,2024-08-18,trial_churn,,0.0,
248,105,2026-02-04,trial_start,,0.0,
249,105,2026-02-11,trial_churn,,0.0,
250,106,2024-01-27,trial_start,,0.0,
251,106,2024-02-03,trial_churn,,0.0,
252,107,2026-01-02,trial_start,,0.0,
253,107,2026-01-09,subscription_start,Standard,15.99,
254,108,2026-03-02,subscription_start,Premium,21.99,
255,109,2025-08-02,trial_start,,0.0,
256,109,2025-08-09,trial_churn,,0.0,
257,110,2025-10-25,trial_start,,0.0,
258,110,2025-11-01,subscription_start,Standard,15.99,
259,110,2026-03-01,cancellation,Standard,-15.99,price
260,111,2025-01-05,trial_start,,0.0,
261,111,2025-01-12,subscription_start,Standard,15.99,
262,111,2025-06-11,cancellation,Standard,-15.99,content_dissatisfaction
263,112,2026-01-21,subscription_start,Basic,9.99,
264,112,2026-05-21,cancellation,Basic,-9.99,price
265,113,2025-04-21,subscription_start,Premium,21.99,
266,114,2026-04-30,trial_start,,0.0,
267,114,2026-05-07,subscription_start,Basic,9.99,
268,115,2025-11-15,trial_start,,0.0,
269,115,2025-11-22,subscription_start,Premium,21.99,
270,116,2024-08-05,subscription_start,Premium,21.99,
271,116,2025-05-02,cancellation,Premium,-21.99,price
272,117,2024-10-09,trial_start,,0.0,
273,117,2024-10-16,subscription_start,Premium,21.99,
274,117,2025-01-14,downgrade,Basic,9.99,
275,117,2025-02-13,cancellation,Basic,-9.99,moved_competitor
276,118,2025-02-20,trial_start,,0.0,
277,118,2025-02-27,subscription_start,Standard,15.99,
278,118,2025-05-28,downgrade,Basic,9.99,
279,119,2025-05-17,trial_start,,0.0,
280,119,2025-05-24,subscription_start,Premium,21.99,
281,119,2025-11-20,cancellation,Premium,-21.99,price
282,119,2026-04-19,reactivation,Basic,9.99,
283,120,2024-09-06,trial_start,,0.0,
284,120,2024-09-13,subscription_start,Standard,15.99,
285,120,2025-02-10,upgrade,Premium,21.99,
286,120,2026-05-06,downgrade,Basic,9.99,
287,120,2026-06-05,cancellation,Basic,-9.99,content_dissatisfaction
288,121,2025-03-11,trial_start,,0.0,
289,121,2025-03-18,subscription_start,Standard,15.99,
290,121,2025-04-17,cancellation,Standard,-15.99,content_dissatisfaction
291,122,2024-08-24,subscription_start,Standard,15.99,
292,122,2025-10-18,upgrade,Premium,21.99,
293,122,2025-11-17,cancellation,Premium,-21.99,price
294,123,2025-12-07,subscription_start,Basic,9.99,
295,124,2026-02-17,trial_start,,0.0,
296,124,2026-02-24,trial_churn,,0.0,
297,125,2025-01-04,trial_start,,0.0,
298,125,2025-01-11,subscription_start,Basic,9.99,
299,126,2024-02-25,trial_start,,0.0,
300,126,2024-03-03,trial_churn,,0.0,
301,127,2024-01-13,trial_start,,0.0,
302,127,2024-01-20,subscription_start,Standard,15.99,
303,127,2026-05-09,downgrade,Basic,9.99,
304,128,2024-02-22,trial_start,,0.0,
305,128,2024-02-29,trial_churn,,0.0,
306,129,2024-03-16,subscription_start,Premium,21.99,
307,129,2024-07-14,cancellation,Premium,-21.99,moved_competitor
308,130,2024-11-07,trial_start,,0.0,
309,130,2024-11-14,subscription_start,Premium,21.99,
310,130,2025-01-13,upgrade,Family,27.99,
311,131,2026-03-20,subscription_start,Standard,15.99,
312,132,2024-10-31,trial_start,,0.0,
3217,132,2024-10-31,trial_start,,0.0,
313,132,2024-11-07,subscription_start,Standard,15.99,
314,132,2025-10-03,upgrade,Family,27.99,
315,132,2026-05-01,cancellation,Family,-27.99,content_dissatisfaction
316,133,2026-01-27,trial_start,,0.0,
317,133,2026-02-03,subscription_start,Basic,9.99,
318,134,2024-03-24,trial_start,,0.0,
319,134,2024-03-31,subscription_start,Family,27.99,
320,134,2025-10-22,downgrade,Premium,21.99,
321,135,2025-04-06,subscription_start,Basic,9.99,
322,136,2025-12-20,subscription_start,Standard,15.99,
323,136,2026-01-19,cancellation,Standard,-15.99,found_alternative
324,137,2025-10-02,trial_start,,0.0,
325,137,2025-10-09,trial_churn,,0.0,
326,138,2024-08-18,trial_start,,0.0,
327,138,2024-08-25,subscription_start,Standard,15.99,
328,138,2025-01-22,downgrade,Basic,9.99,
329,138,2025-11-18,cancellation,Basic,-9.99,not_using
330,139,2024-06-18,trial_start,,0.0,
331,139,2024-06-25,subscription_start,Family,27.99,
332,139,2024-08-24,cancellation,Family,-27.99,price
333,140,2025-04-24,trial_start,,0.0,
3225,140,2025-04-24,trial_start,,0.0,
334,140,2025-05-01,trial_churn,,0.0,
335,141,2025-03-24,trial_start,,0.0,
336,141,2025-03-31,subscription_start,Family,27.99,
337,141,2026-05-25,cancellation,Family,-27.99,not_using
338,142,2024-01-27,trial_start,,0.0,
339,142,2024-02-03,trial_churn,,0.0,
340,143,2024-01-22,trial_start,,0.0,
341,143,2024-01-29,subscription_start,Premium,21.99,
342,143,2024-10-25,downgrade,Basic,9.99,
343,143,2025-05-23,cancellation,Basic,-9.99,moved_competitor
344,143,2025-06-20,reactivation,Premium,21.99,
345,144,2025-10-29,trial_start,,0.0,
346,144,2025-11-05,subscription_start,Basic,9.99,
347,145,2026-04-13,trial_start,,0.0,
348,145,2026-04-20,subscription_start,Basic,9.99,
349,146,2025-11-17,trial_start,,0.0,
350,146,2025-11-24,subscription_start,Standard,15.99,
351,147,2025-02-14,trial_start,,0.0,
352,147,2025-02-21,subscription_start,Family,27.99,
353,147,2025-06-21,cancellation,Family,-27.99,found_alternative
354,148,2026-03-02,subscription_start,Standard,15.99,
355,148,2026-05-01,downgrade,Basic,9.99,
356,149,2025-07-09,trial_start,,0.0,
357,149,2025-07-16,trial_churn,,0.0,
358,150,2025-05-25,trial_start,,0.0,
359,150,2025-06-01,trial_churn,,0.0,
360,151,2024-10-21,subscription_start,Premium,21.99,
361,151,2025-09-16,cancellation,Premium,-21.99,not_using
362,152,2025-09-15,trial_start,,0.0,
363,152,2025-09-22,subscription_start,Basic,9.99,
364,153,2024-04-05,subscription_start,Premium,21.99,
365,153,2025-04-30,cancellation,Premium,-21.99,price
366,154,2025-10-25,subscription_start,Premium,21.99,
367,155,2025-03-01,trial_start,,0.0,
368,155,2025-03-08,trial_churn,,0.0,
369,156,2024-07-14,trial_start,,0.0,
370,156,2024-07-21,trial_churn,,0.0,
371,157,2026-03-19,subscription_start,Premium,21.99,
372,158,2024-10-16,subscription_start,Premium,21.99,
373,158,2025-06-13,cancellation,Premium,-21.99,not_using
374,159,2025-04-02,trial_start,,0.0,
375,159,2025-04-09,subscription_start,Basic,9.99,
376,160,2024-11-25,trial_start,,0.0,
377,160,2024-12-02,subscription_start,Premium,21.99,
378,161,2026-03-05,trial_start,,0.0,
379,161,2026-03-12,trial_churn,,0.0,
380,162,2025-11-10,trial_start,,0.0,
381,162,2025-11-17,trial_churn,,0.0,
382,163,2025-08-27,trial_start,,0.0,
383,163,2025-09-03,subscription_start,Basic,9.99,
384,163,2025-10-03,cancellation,Basic,-9.99,found_alternative
385,164,2025-04-12,trial_start,,0.0,
386,164,2025-04-19,subscription_start,Premium,21.99,
387,165,2026-03-11,subscription_start,Standard,15.99,
388,166,2026-05-22,subscription_start,Standard,15.99,
389,167,2024-02-06,subscription_start,Standard,15.99,
390,167,2025-01-01,downgrade,Basic,9.99,
391,167,2025-04-01,upgrade,Standard,15.99,
392,167,2025-11-27,cancellation,Standard,-15.99,not_using
393,168,2026-02-03,trial_start,,0.0,
394,168,2026-02-10,subscription_start,Standard,15.99,
395,169,2025-12-11,trial_start,,0.0,
396,169,2025-12-18,subscription_start,Premium,21.99,
397,170,2025-01-18,subscription_start,Standard,15.99,
398,170,2026-04-13,upgrade,Family,27.99,
399,170,2026-06-12,downgrade,Premium,21.99,
400,170,2026-06-12,cancellation,Premium,-21.99,price
401,171,2024-07-03,trial_start,,0.0,
402,171,2024-07-10,trial_churn,,0.0,
403,172,2024-09-03,trial_start,,0.0,
404,172,2024-09-10,trial_churn,,0.0,
405,173,2025-04-15,subscription_start,Standard,15.99,
406,174,2025-11-24,subscription_start,Premium,21.99,
407,174,2025-12-24,cancellation,Premium,-21.99,found_alternative
408,174,2026-02-17,reactivation,Standard,15.99,
409,175,2024-11-02,subscription_start,Standard,15.99,
410,176,2024-07-22,trial_start,,0.0,
411,176,2024-07-29,trial_churn,,0.0,
412,177,2025-08-11,trial_start,,0.0,
413,177,2025-08-18,trial_churn,,0.0,
414,178,2025-08-02,subscription_start,Premium,21.99,
415,179,2024-08-23,trial_start,,0.0,
416,179,2024-08-30,trial_churn,,0.0,
417,180,2025-11-25,trial_start,,0.0,
418,180,2025-12-02,trial_churn,,0.0,
419,181,2025-03-27,subscription_start,Basic,9.99,
420,181,2025-04-26,cancellation,Basic,-9.99,content_dissatisfaction
421,182,2024-11-30,subscription_start,Standard,15.99,
422,182,2025-07-28,cancellation,Standard,-15.99,not_using
423,183,2025-01-09,trial_start,,0.0,
424,183,2025-01-16,subscription_start,Standard,15.99,
425,183,2025-03-17,upgrade,Premium,21.99,
426,183,2025-09-13,cancellation,Premium,-21.99,not_using
427,184,2026-04-24,subscription_start,Family,27.99,
428,185,2025-04-24,subscription_start,Premium,21.99,
429,186,2026-04-03,trial_start,,0.0,
430,186,2026-04-10,trial_churn,,0.0,
431,187,2024-05-06,trial_start,,0.0,
432,187,2024-05-13,subscription_start,Standard,15.99,
433,187,2025-10-05,cancellation,Standard,-15.99,found_alternative
434,187,2025-12-14,reactivation,Standard,15.99,
435,187,2026-01-13,cancellation,Standard,-15.99,content_dissatisfaction
436,187,2026-06-16,reactivation,Standard,15.99,
437,188,2026-04-22,trial_start,,0.0,
438,188,2026-04-29,trial_churn,,0.0,
439,189,2025-09-26,trial_start,,0.0,
440,189,2025-10-03,subscription_start,Standard,15.99,
441,190,2025-04-20,subscription_start,Family,27.99,
442,190,2025-07-19,cancellation,Family,-27.99,content_dissatisfaction
443,190,2025-08-25,reactivation,Family,27.99,
444,190,2025-09-24,downgrade,Premium,21.99,
445,190,2025-12-23,cancellation,Premium,-21.99,found_alternative
446,191,2024-11-07,trial_start,,0.0,
447,191,2024-11-14,subscription_start,Basic,9.99,
448,191,2026-01-08,cancellation,Basic,-9.99,price
449,192,2025-04-09,trial_start,,0.0,
450,192,2025-04-16,trial_churn,,0.0,
451,193,2026-01-30,trial_start,,0.0,
452,193,2026-02-06,trial_churn,,0.0,
453,194,2024-10-13,subscription_start,Basic,9.99,
454,195,2026-05-25,subscription_start,Family,27.99,
455,196,2025-10-22,subscription_start,Basic,9.99,
456,196,2026-01-20,upgrade,Standard,15.99,
457,196,2026-04-20,cancellation,Standard,-15.99,found_alternative
458,197,2026-04-23,subscription_start,Family,27.99,
459,198,2024-02-21,trial_start,,0.0,
460,198,2024-02-28,trial_churn,,0.0,
461,199,2026-04-29,trial_start,,0.0,
462,199,2026-05-06,subscription_start,Basic,9.99,
463,200,2024-05-31,subscription_start,Premium,21.99,
464,200,2025-11-22,downgrade,Standard,15.99,
465,201,2025-07-07,trial_start,,0.0,
466,201,2025-07-14,subscription_start,Basic,9.99,
467,201,2025-11-11,cancellation,Basic,-9.99,not_using
468,201,2026-01-05,reactivation,Standard,15.99,
469,202,2025-01-01,trial_start,,0.0,
470,202,2025-01-08,trial_churn,,0.0,
471,203,2026-01-29,trial_start,,0.0,
472,203,2026-02-05,subscription_start,Premium,21.99,
473,204,2025-01-05,subscription_start,Premium,21.99,
474,205,2024-02-14,trial_start,,0.0,
475,205,2024-02-21,subscription_start,Basic,9.99,
476,205,2024-04-21,cancellation,Basic,-9.99,technical_issues
477,206,2025-05-05,trial_start,,0.0,
478,206,2025-05-12,trial_churn,,0.0,
479,207,2024-03-23,trial_start,,0.0,
480,207,2024-03-30,trial_churn,,0.0,
481,208,2025-08-22,trial_start,,0.0,
482,208,2025-08-29,subscription_start,Standard,15.99,
483,209,2025-04-09,subscription_start,Premium,21.99,
484,209,2025-09-06,cancellation,Premium,-21.99,price
485,209,2026-02-13,reactivation,Premium,21.99,
486,210,2025-10-28,subscription_start,Premium,21.99,
487,211,2025-02-27,trial_start,,0.0,
488,211,2025-03-06,trial_churn,,0.0,
489,212,2024-11-16,trial_start,,0.0,
490,212,2024-11-23,trial_churn,,0.0,
491,213,2026-05-01,subscription_start,Family,27.99,
492,214,2025-07-23,subscription_start,Basic,9.99,
493,214,2025-11-20,upgrade,Family,27.99,
494,214,2026-04-19,cancellation,Family,-27.99,content_dissatisfaction
495,215,2025-02-24,subscription_start,Standard,15.99,
496,216,2026-01-08,trial_start,,0.0,
497,216,2026-01-15,subscription_start,Premium,21.99,
498,216,2026-05-15,cancellation,Premium,-21.99,content_dissatisfaction
499,217,2025-06-03,trial_start,,0.0,
500,217,2025-06-10,trial_churn,,0.0,
501,218,2025-07-23,subscription_start,Standard,15.99,
502,219,2026-05-15,subscription_start,Standard,15.99,
503,220,2025-07-24,trial_start,,0.0,
504,220,2025-07-31,trial_churn,,0.0,
505,221,2024-10-06,subscription_start,Standard,15.99,
506,221,2025-11-30,cancellation,Standard,-15.99,content_dissatisfaction
507,221,2026-02-26,reactivation,Standard,15.99,
508,222,2025-08-02,trial_start,,0.0,
509,222,2025-08-09,trial_churn,,0.0,
510,223,2025-06-27,trial_start,,0.0,
511,223,2025-07-04,subscription_start,Standard,15.99,
512,224,2026-01-08,subscription_start,Standard,15.99,
513,225,2024-06-08,trial_start,,0.0,
514,225,2024-06-15,subscription_start,Standard,15.99,
515,225,2025-10-08,upgrade,Premium,21.99,
516,225,2026-02-05,cancellation,Premium,-21.99,price
517,226,2025-11-08,trial_start,,0.0,
518,226,2025-11-15,subscription_start,Basic,9.99,
519,226,2025-12-15,cancellation,Basic,-9.99,found_alternative
520,226,2026-06-13,reactivation,Standard,15.99,
521,227,2025-06-08,trial_start,,0.0,
522,227,2025-06-15,subscription_start,Standard,15.99,
523,228,2025-11-14,trial_start,,0.0,
524,228,2025-11-21,subscription_start,Family,27.99,
525,228,2026-01-20,downgrade,Basic,9.99,
526,229,2024-07-28,trial_start,,0.0,
527,229,2024-08-04,subscription_start,Basic,9.99,
528,230,2024-05-02,trial_start,,0.0,
529,230,2024-05-09,subscription_start,Basic,9.99,
530,230,2024-08-07,cancellation,Basic,-9.99,price
531,231,2025-12-21,trial_start,,0.0,
532,231,2025-12-28,trial_churn,,0.0,
533,232,2026-06-01,subscription_start,Basic,9.99,
534,233,2025-08-12,trial_start,,0.0,
535,233,2025-08-19,trial_churn,,0.0,
536,234,2025-02-18,trial_start,,0.0,
537,234,2025-02-25,trial_churn,,0.0,
538,235,2025-12-07,trial_start,,0.0,
539,235,2025-12-14,trial_churn,,0.0,
540,236,2025-02-14,trial_start,,0.0,
541,236,2025-02-21,subscription_start,Standard,15.99,
542,236,2025-08-20,cancellation,Standard,-15.99,technical_issues
543,237,2026-03-08,trial_start,,0.0,
544,237,2026-03-15,subscription_start,Basic,9.99,
545,238,2026-03-05,trial_start,,0.0,
546,238,2026-03-12,trial_churn,,0.0,
547,239,2024-05-29,trial_start,,0.0,
548,239,2024-06-05,trial_churn,,0.0,
549,240,2026-03-02,trial_start,,0.0,
550,240,2026-03-09,trial_churn,,0.0,
551,241,2026-06-22,subscription_start,Premium,21.99,
552,242,2025-10-04,trial_start,,0.0,
553,242,2025-10-11,subscription_start,Basic,9.99,
554,243,2026-03-26,trial_start,,0.0,
555,243,2026-04-02,trial_churn,,0.0,
556,244,2025-04-07,trial_start,,0.0,
557,244,2025-04-14,subscription_start,Premium,21.99,
558,245,2026-05-25,trial_start,,0.0,
559,245,2026-06-01,subscription_start,Premium,21.99,
560,246,2026-03-21,trial_start,,0.0,
561,246,2026-03-28,trial_churn,,0.0,
562,247,2025-05-02,subscription_start,Basic,9.99,
563,247,2025-07-01,upgrade,Premium,21.99,
564,247,2026-04-27,cancellation,Premium,-21.99,content_dissatisfaction
565,248,2026-05-07,trial_start,,0.0,
566,248,2026-05-14,trial_churn,,0.0,
567,249,2025-12-25,trial_start,,0.0,
568,249,2026-01-01,subscription_start,Standard,15.99,
569,250,2025-01-16,trial_start,,0.0,
570,250,2025-01-23,trial_churn,,0.0,
571,251,2025-10-08,subscription_start,Basic,9.99,
572,252,2024-10-17,subscription_start,Standard,15.99,
573,252,2025-05-15,upgrade,Premium,21.99,
574,253,2024-12-07,trial_start,,0.0,
575,253,2024-12-14,subscription_start,Standard,15.99,
576,253,2025-10-10,cancellation,Standard,-15.99,not_using
577,253,2026-04-27,reactivation,Premium,21.99,
578,254,2025-11-02,trial_start,,0.0,
579,254,2025-11-09,trial_churn,,0.0,
580,255,2025-01-20,trial_start,,0.0,
581,255,2025-01-27,subscription_start,Standard,15.99,
582,255,2025-04-27,cancellation,Standard,-15.99,price
583,256,2025-11-17,trial_start,,0.0,
584,256,2025-11-24,subscription_start,Standard,15.99,
585,257,2024-08-07,subscription_start,Family,27.99,
586,257,2025-08-02,downgrade,Premium,21.99,
587,257,2025-08-02,cancellation,Premium,-21.99,not_using
588,257,2025-10-18,reactivation,Standard,15.99,
589,257,2026-06-15,cancellation,Standard,-15.99,found_alternative
590,258,2024-06-07,subscription_start,Basic,9.99,
591,258,2024-12-04,cancellation,Basic,-9.99,technical_issues
592,259,2026-05-05,trial_start,,0.0,
593,259,2026-05-12,subscription_start,Family,27.99,
594,260,2025-01-20,subscription_start,Basic,9.99,
595,260,2026-01-15,upgrade,Standard,15.99,
596,261,2024-06-18,subscription_start,Premium,21.99,
597,261,2024-07-18,upgrade,Family,27.99,
598,261,2024-08-17,cancellation,Family,-27.99,not_using
599,261,2024-09-08,reactivation,Basic,9.99,
600,261,2024-11-07,cancellation,Basic,-9.99,not_using
601,262,2025-09-17,trial_start,,0.0,
602,262,2025-09-24,trial_churn,,0.0,
603,263,2024-11-12,subscription_start,Standard,15.99,
604,263,2025-09-08,cancellation,Standard,-15.99,technical_issues
605,264,2025-04-17,subscription_start,Basic,9.99,
606,264,2025-06-16,cancellation,Basic,-9.99,technical_issues
607,264,2025-07-22,reactivation,Basic,9.99,
608,265,2026-04-16,trial_start,,0.0,
609,265,2026-04-23,subscription_start,Basic,9.99,
610,266,2025-05-07,subscription_start,Basic,9.99,
611,266,2025-12-03,upgrade,Family,27.99,
612,266,2026-03-03,downgrade,Premium,21.99,
613,267,2024-10-18,trial_start,,0.0,
614,267,2024-10-25,trial_churn,,0.0,
615,268,2025-03-23,subscription_start,Standard,15.99,
616,269,2024-01-28,trial_start,,0.0,
617,269,2024-02-04,subscription_start,Premium,21.99,
618,269,2025-09-26,downgrade,Standard,15.99,
619,269,2026-06-23,cancellation,Standard,-15.99,moved_competitor
620,270,2024-03-24,subscription_start,Premium,21.99,
621,270,2024-07-22,downgrade,Basic,9.99,
622,271,2025-10-27,subscription_start,Premium,21.99,
623,272,2025-04-28,trial_start,,0.0,
624,272,2025-05-05,trial_churn,,0.0,
625,273,2024-03-22,subscription_start,Basic,9.99,
626,273,2024-12-17,upgrade,Premium,21.99,
627,273,2024-12-17,cancellation,Premium,-21.99,technical_issues
628,273,2025-04-21,reactivation,Premium,21.99,
629,274,2025-09-15,trial_start,,0.0,
630,274,2025-09-22,subscription_start,Premium,21.99,
631,275,2024-02-18,trial_start,,0.0,
632,275,2024-02-25,subscription_start,Standard,15.99,
633,275,2024-12-21,cancellation,Standard,-15.99,found_alternative
634,276,2026-05-06,trial_start,,0.0,
635,276,2026-05-13,subscription_start,Standard,15.99,
636,277,2026-01-05,trial_start,,0.0,
637,277,2026-01-12,subscription_start,Standard,15.99,
638,277,2026-02-11,downgrade,Basic,9.99,
639,277,2026-02-11,cancellation,Basic,-9.99,found_alternative
640,278,2025-03-02,trial_start,,0.0,
641,278,2025-03-09,subscription_start,Standard,15.99,
642,279,2025-06-22,trial_start,,0.0,
643,279,2025-06-29,trial_churn,,0.0,
644,280,2026-06-13,trial_start,,0.0,
645,280,2026-06-20,trial_churn,,0.0,
646,281,2024-01-17,subscription_start,Standard,15.99,
647,281,2024-03-17,cancellation,Standard,-15.99,found_alternative
648,282,2026-01-22,subscription_start,Standard,15.99,
649,282,2026-03-23,cancellation,Standard,-15.99,content_dissatisfaction
650,283,2024-06-28,subscription_start,Basic,9.99,
651,283,2025-06-23,upgrade,Premium,21.99,
652,283,2026-02-18,cancellation,Premium,-21.99,technical_issues
653,284,2024-03-05,subscription_start,Family,27.99,
654,284,2024-11-30,cancellation,Family,-27.99,found_alternative
655,285,2024-11-19,trial_start,,0.0,
656,285,2024-11-26,subscription_start,Standard,15.99,
657,286,2024-02-07,subscription_start,Family,27.99,
658,286,2025-07-31,cancellation,Family,-27.99,price
659,287,2024-12-05,subscription_start,Standard,15.99,
660,287,2026-05-29,cancellation,Standard,-15.99,technical_issues
661,288,2025-01-30,trial_start,,0.0,
662,288,2025-02-06,trial_churn,,0.0,
663,289,2026-03-27,trial_start,,0.0,
664,289,2026-04-03,trial_churn,,0.0,
665,290,2025-09-08,trial_start,,0.0,
666,290,2025-09-15,subscription_start,Basic,9.99,
667,291,2024-10-29,subscription_start,Basic,9.99,
668,292,2024-12-25,trial_start,,0.0,
669,292,2025-01-01,subscription_start,Premium,21.99,
670,292,2025-04-01,cancellation,Premium,-21.99,technical_issues
671,293,2025-03-21,trial_start,,0.0,
672,293,2025-03-28,subscription_start,Basic,9.99,
673,294,2025-10-14,subscription_start,Standard,15.99,
674,295,2024-05-26,trial_start,,0.0,
675,295,2024-06-02,trial_churn,,0.0,
676,296,2026-03-08,trial_start,,0.0,
677,296,2026-03-15,subscription_start,Premium,21.99,
678,297,2024-06-06,trial_start,,0.0,
679,297,2024-06-13,subscription_start,Standard,15.99,
680,297,2024-10-11,upgrade,Premium,21.99,
681,298,2025-06-26,subscription_start,Basic,9.99,
682,299,2024-01-27,trial_start,,0.0,
683,299,2024-02-03,trial_churn,,0.0,
684,300,2026-03-04,trial_start,,0.0,
685,300,2026-03-11,subscription_start,Basic,9.99,
686,301,2025-05-17,trial_start,,0.0,
687,301,2025-05-24,subscription_start,Premium,21.99,
688,302,2025-12-31,subscription_start,Standard,15.99,
689,302,2026-01-30,upgrade,Premium,21.99,
690,303,2025-12-27,subscription_start,Basic,9.99,
691,304,2025-12-29,trial_start,,0.0,
692,304,2026-01-05,trial_churn,,0.0,
693,305,2024-07-24,trial_start,,0.0,
694,305,2024-07-31,subscription_start,Premium,21.99,
695,305,2025-02-26,cancellation,Premium,-21.99,not_using
696,306,2025-01-12,subscription_start,Standard,15.99,
697,306,2025-04-12,cancellation,Standard,-15.99,content_dissatisfaction
698,307,2024-03-08,trial_start,,0.0,
699,307,2024-03-15,subscription_start,Basic,9.99,
700,307,2026-01-04,cancellation,Basic,-9.99,price
701,308,2026-02-26,trial_start,,0.0,
702,308,2026-03-05,subscription_start,Premium,21.99,
703,309,2025-04-05,trial_start,,0.0,
704,309,2025-04-12,trial_churn,,0.0,
705,310,2024-07-05,subscription_start,Standard,15.99,
706,310,2024-10-03,cancellation,Standard,-15.99,price
707,311,2025-06-14,trial_start,,0.0,
708,311,2025-06-21,subscription_start,Standard,15.99,
709,311,2026-05-17,cancellation,Standard,-15.99,content_dissatisfaction
710,312,2025-06-15,trial_start,,0.0,
711,312,2025-06-22,trial_churn,,0.0,
712,313,2025-10-02,trial_start,,0.0,
713,313,2025-10-09,trial_churn,,0.0,
714,314,2025-08-17,trial_start,,0.0,
715,314,2025-08-24,subscription_start,Premium,21.99,
716,314,2025-12-22,cancellation,Premium,-21.99,price
717,315,2025-07-31,subscription_start,Standard,15.99,
718,315,2025-11-28,cancellation,Standard,-15.99,content_dissatisfaction
719,316,2026-02-28,trial_start,,0.0,
720,316,2026-03-07,subscription_start,Family,27.99,
721,317,2025-10-16,trial_start,,0.0,
722,317,2025-10-23,subscription_start,Basic,9.99,
723,317,2026-01-21,upgrade,Premium,21.99,
724,317,2026-05-21,cancellation,Premium,-21.99,content_dissatisfaction
725,318,2024-11-05,trial_start,,0.0,
726,318,2024-11-12,trial_churn,,0.0,
727,319,2024-03-15,trial_start,,0.0,
728,319,2024-03-22,subscription_start,Basic,9.99,
729,319,2024-11-17,cancellation,Basic,-9.99,content_dissatisfaction
730,319,2025-05-17,reactivation,Standard,15.99,
731,320,2025-09-13,subscription_start,Standard,15.99,
732,321,2024-05-13,trial_start,,0.0,
733,321,2024-05-20,subscription_start,Premium,21.99,
734,321,2024-08-18,downgrade,Standard,15.99,
735,321,2025-08-13,cancellation,Standard,-15.99,found_alternative
736,322,2024-09-30,subscription_start,Standard,15.99,
737,322,2025-04-28,cancellation,Standard,-15.99,price
738,323,2026-06-03,subscription_start,Standard,15.99,
739,324,2025-08-14,trial_start,,0.0,
740,324,2025-08-21,subscription_start,Premium,21.99,
741,324,2025-09-20,downgrade,Standard,15.99,
742,325,2026-06-19,trial_start,,0.0,
743,325,2026-06-26,subscription_start,Standard,15.99,
744,326,2024-09-03,trial_start,,0.0,
745,326,2024-09-10,subscription_start,Standard,15.99,
746,326,2025-04-08,upgrade,Premium,21.99,
747,326,2026-01-03,downgrade,Basic,9.99,
748,326,2026-05-03,cancellation,Basic,-9.99,found_alternative
749,327,2026-06-22,subscription_start,Basic,9.99,
750,328,2025-03-17,trial_start,,0.0,
751,328,2025-03-24,subscription_start,Standard,15.99,
752,329,2025-02-14,trial_start,,0.0,
753,329,2025-02-21,subscription_start,Basic,9.99,
754,329,2026-03-18,cancellation,Basic,-9.99,price
755,330,2025-01-30,subscription_start,Standard,15.99,
756,330,2025-03-31,upgrade,Premium,21.99,
757,330,2025-08-28,cancellation,Premium,-21.99,technical_issues
758,331,2024-05-01,trial_start,,0.0,
759,331,2024-05-08,subscription_start,Basic,9.99,
760,331,2024-11-04,upgrade,Standard,15.99,
761,331,2025-07-02,upgrade,Premium,21.99,
762,332,2025-01-09,trial_start,,0.0,
763,332,2025-01-16,trial_churn,,0.0,
764,333,2024-02-09,trial_start,,0.0,
765,333,2024-02-16,subscription_start,Standard,15.99,
766,333,2024-07-15,cancellation,Standard,-15.99,found_alternative
767,334,2025-09-12,trial_start,,0.0,
768,334,2025-09-19,trial_churn,,0.0,
769,335,2025-09-23,trial_start,,0.0,
3212,335,2025-09-23,trial_start,,0.0,
770,335,2025-09-30,trial_churn,,0.0,
771,336,2025-12-26,trial_start,,0.0,
772,336,2026-01-02,subscription_start,Premium,21.99,
773,337,2024-04-22,trial_start,,0.0,
774,337,2024-04-29,subscription_start,Basic,9.99,
775,337,2025-10-21,cancellation,Basic,-9.99,price
776,338,2024-09-28,trial_start,,0.0,
777,338,2024-10-05,trial_churn,,0.0,
778,339,2024-02-22,subscription_start,Premium,21.99,
779,339,2026-04-12,downgrade,Standard,15.99,
780,340,2025-01-24,subscription_start,Standard,15.99,
781,340,2025-05-24,upgrade,Premium,21.99,
782,340,2026-05-19,cancellation,Premium,-21.99,content_dissatisfaction
783,341,2024-04-22,trial_start,,0.0,
784,341,2024-04-29,subscription_start,Premium,21.99,
785,341,2024-06-28,cancellation,Premium,-21.99,content_dissatisfaction
786,342,2024-07-27,subscription_start,Basic,9.99,
787,342,2025-09-20,upgrade,Standard,15.99,
788,343,2026-01-23,trial_start,,0.0,
789,343,2026-01-30,trial_churn,,0.0,
790,344,2025-11-09,trial_start,,0.0,
791,344,2025-11-16,subscription_start,Family,27.99,
792,345,2025-06-29,trial_start,,0.0,
793,345,2025-07-06,subscription_start,Premium,21.99,
794,346,2024-07-15,subscription_start,Standard,15.99,
795,347,2025-12-22,trial_start,,0.0,
796,347,2025-12-29,subscription_start,Basic,9.99,
797,348,2026-03-25,trial_start,,0.0,
798,348,2026-04-01,subscription_start,Basic,9.99,
799,349,2025-02-08,trial_start,,0.0,
800,349,2025-02-15,subscription_start,Premium,21.99,
801,349,2026-03-12,cancellation,Premium,-21.99,not_using
802,349,2026-04-29,reactivation,Standard,15.99,
803,350,2026-01-01,subscription_start,Standard,15.99,
804,351,2024-08-07,subscription_start,Standard,15.99,
805,352,2024-05-20,trial_start,,0.0,
806,352,2024-05-27,subscription_start,Basic,9.99,
807,352,2024-07-26,cancellation,Basic,-9.99,technical_issues
808,353,2025-06-27,trial_start,,0.0,
809,353,2025-07-04,trial_churn,,0.0,
810,354,2025-04-28,subscription_start,Standard,15.99,
811,354,2026-05-23,cancellation,Standard,-15.99,price
812,355,2024-06-10,trial_start,,0.0,
813,355,2024-06-17,subscription_start,Basic,9.99,
814,355,2024-10-15,cancellation,Basic,-9.99,not_using
815,356,2024-07-23,subscription_start,Family,27.99,
816,356,2025-05-19,cancellation,Family,-27.99,technical_issues
817,357,2024-08-25,subscription_start,Standard,15.99,
818,358,2024-06-28,subscription_start,Standard,15.99,
819,358,2024-07-28,cancellation,Standard,-15.99,content_dissatisfaction
820,359,2025-02-10,subscription_start,Basic,9.99,
821,359,2025-05-11,cancellation,Basic,-9.99,price
822,360,2024-01-10,trial_start,,0.0,
823,360,2024-01-17,subscription_start,Standard,15.99,
824,360,2025-04-11,downgrade,Basic,9.99,
825,360,2025-05-11,upgrade,Standard,15.99,
826,360,2025-07-10,cancellation,Standard,-15.99,found_alternative
827,360,2025-11-19,reactivation,Premium,21.99,
828,361,2025-10-18,subscription_start,Premium,21.99,
829,361,2026-01-16,downgrade,Basic,9.99,
830,362,2025-04-24,subscription_start,Premium,21.99,
831,362,2026-06-18,downgrade,Standard,15.99,
832,363,2025-10-25,subscription_start,Standard,15.99,
833,364,2025-08-04,subscription_start,Standard,15.99,
834,364,2025-12-02,cancellation,Standard,-15.99,content_dissatisfaction
835,365,2025-06-11,subscription_start,Standard,15.99,
836,365,2026-03-08,cancellation,Standard,-15.99,not_using
837,366,2025-05-03,trial_start,,0.0,
838,366,2025-05-10,subscription_start,Basic,9.99,
839,366,2025-07-09,cancellation,Basic,-9.99,price
840,366,2025-10-30,reactivation,Premium,21.99,
841,366,2026-03-29,cancellation,Premium,-21.99,price
842,367,2026-02-10,trial_start,,0.0,
843,367,2026-02-17,trial_churn,,0.0,
844,368,2025-10-31,trial_start,,0.0,
845,368,2025-11-07,trial_churn,,0.0,
846,369,2024-06-12,subscription_start,Premium,21.99,
847,369,2025-10-05,cancellation,Premium,-21.99,price
848,370,2025-10-16,trial_start,,0.0,
849,370,2025-10-23,subscription_start,Family,27.99,
850,371,2025-04-10,subscription_start,Standard,15.99,
851,372,2026-04-01,subscription_start,Basic,9.99,
852,372,2026-05-31,upgrade,Standard,15.99,
853,373,2024-03-24,subscription_start,Standard,15.99,
854,373,2024-12-19,upgrade,Family,27.99,
855,373,2025-03-19,downgrade,Premium,21.99,
856,373,2025-12-14,downgrade,Basic,9.99,
857,373,2026-05-13,upgrade,Family,27.99,
858,374,2024-04-24,trial_start,,0.0,
859,374,2024-05-01,trial_churn,,0.0,
860,375,2024-06-02,subscription_start,Premium,21.99,
861,375,2024-11-29,downgrade,Standard,15.99,
862,376,2026-01-04,subscription_start,Basic,9.99,
863,376,2026-03-05,upgrade,Family,27.99,
864,377,2025-04-09,trial_start,,0.0,
865,377,2025-04-16,subscription_start,Standard,15.99,
866,377,2025-05-16,cancellation,Standard,-15.99,technical_issues
867,378,2025-11-19,subscription_start,Standard,15.99,
868,379,2025-08-15,trial_start,,0.0,
869,379,2025-08-22,subscription_start,Standard,15.99,
870,379,2025-09-21,downgrade,Basic,9.99,
871,379,2025-10-21,upgrade,Premium,21.99,
872,379,2025-12-20,downgrade,Standard,15.99,
873,380,2024-03-02,trial_start,,0.0,
874,380,2024-03-09,trial_churn,,0.0,
875,381,2026-02-26,trial_start,,0.0,
876,381,2026-03-05,subscription_start,Standard,15.99,
877,381,2026-04-04,downgrade,Basic,9.99,
878,382,2025-01-26,trial_start,,0.0,
879,382,2025-02-02,trial_churn,,0.0,
880,383,2025-11-08,trial_start,,0.0,
881,383,2025-11-15,subscription_start,Premium,21.99,
882,383,2026-02-13,cancellation,Premium,-21.99,price
883,384,2025-07-04,subscription_start,Basic,9.99,
884,385,2026-02-13,trial_start,,0.0,
885,385,2026-02-20,subscription_start,Family,27.99,
886,385,2026-06-20,cancellation,Family,-27.99,technical_issues
887,386,2025-01-23,trial_start,,0.0,
888,386,2025-01-30,subscription_start,Basic,9.99,
889,387,2026-06-15,subscription_start,Standard,15.99,
890,388,2026-06-23,trial_start,,0.0,
891,388,2026-06-30,trial_churn,,0.0,
892,389,2025-09-04,trial_start,,0.0,
893,389,2025-09-11,trial_churn,,0.0,
894,390,2024-08-10,subscription_start,Basic,9.99,
895,390,2026-06-01,cancellation,Basic,-9.99,content_dissatisfaction
896,391,2026-01-19,trial_start,,0.0,
897,391,2026-01-26,trial_churn,,0.0,
898,392,2026-06-16,trial_start,,0.0,
899,392,2026-06-23,subscription_start,Basic,9.99,
900,393,2024-03-03,trial_start,,0.0,
901,393,2024-03-10,subscription_start,Basic,9.99,
902,393,2026-01-29,cancellation,Basic,-9.99,moved_competitor
903,394,2025-03-13,subscription_start,Premium,21.99,
904,394,2025-04-12,cancellation,Premium,-21.99,price
905,394,2025-07-19,reactivation,Premium,21.99,
906,394,2026-05-15,cancellation,Premium,-21.99,price
907,395,2024-11-22,subscription_start,Basic,9.99,
908,395,2025-05-21,cancellation,Basic,-9.99,price
909,396,2025-04-29,subscription_start,Basic,9.99,
910,396,2026-01-24,upgrade,Premium,21.99,
911,397,2024-02-29,trial_start,,0.0,
912,397,2024-03-07,subscription_start,Premium,21.99,
913,397,2024-05-06,downgrade,Standard,15.99,
914,397,2025-04-01,cancellation,Standard,-15.99,content_dissatisfaction
915,398,2024-09-05,subscription_start,Premium,21.99,
916,398,2025-12-29,downgrade,Standard,15.99,
917,398,2026-05-28,cancellation,Standard,-15.99,content_dissatisfaction
918,399,2024-04-04,trial_start,,0.0,
919,399,2024-04-11,trial_churn,,0.0,
920,400,2025-09-11,subscription_start,Premium,21.99,
921,401,2025-07-26,trial_start,,0.0,
922,401,2025-08-02,subscription_start,Premium,21.99,
923,402,2024-01-16,subscription_start,Basic,9.99,
924,402,2024-04-15,cancellation,Basic,-9.99,found_alternative
925,403,2026-02-11,trial_start,,0.0,
926,403,2026-02-18,subscription_start,Basic,9.99,
927,404,2024-09-02,trial_start,,0.0,
928,404,2024-09-09,trial_churn,,0.0,
929,405,2025-01-02,trial_start,,0.0,
930,405,2025-01-09,trial_churn,,0.0,
931,406,2026-04-02,trial_start,,0.0,
932,406,2026-04-09,subscription_start,Standard,15.99,
933,407,2025-02-27,trial_start,,0.0,
934,407,2025-03-06,trial_churn,,0.0,
935,408,2025-07-20,trial_start,,0.0,
936,408,2025-07-27,subscription_start,Standard,15.99,
937,409,2024-08-23,subscription_start,Premium,21.99,
938,409,2024-09-22,downgrade,Standard,15.99,
939,410,2025-12-02,trial_start,,0.0,
940,410,2025-12-09,trial_churn,,0.0,
941,411,2026-01-20,trial_start,,0.0,
942,411,2026-01-27,subscription_start,Basic,9.99,
943,412,2026-06-29,trial_start,,0.0,
944,412,2026-07-06,subscription_start,Standard,15.99,
945,413,2026-05-17,trial_start,,0.0,
946,413,2026-05-24,trial_churn,,0.0,
947,414,2026-05-12,trial_start,,0.0,
948,414,2026-05-19,trial_churn,,0.0,
949,415,2025-04-11,subscription_start,Basic,9.99,
950,415,2026-03-07,cancellation,Basic,-9.99,price
951,415,2026-05-27,reactivation,Standard,15.99,
952,416,2025-11-06,trial_start,,0.0,
953,416,2025-11-13,trial_churn,,0.0,
954,417,2025-06-26,subscription_start,Standard,15.99,
955,417,2025-09-24,upgrade,Premium,21.99,
956,417,2025-09-24,cancellation,Premium,-21.99,technical_issues
957,418,2025-11-21,subscription_start,Family,27.99,
958,419,2025-06-20,subscription_start,Premium,21.99,
959,420,2024-09-30,trial_start,,0.0,
960,420,2024-10-07,trial_churn,,0.0,
961,421,2025-12-14,subscription_start,Basic,9.99,
962,422,2026-05-28,trial_start,,0.0,
963,422,2026-06-04,subscription_start,Basic,9.99,
964,423,2025-05-02,trial_start,,0.0,
965,423,2025-05-09,trial_churn,,0.0,
966,424,2025-03-20,subscription_start,Basic,9.99,
967,424,2025-04-19,cancellation,Basic,-9.99,found_alternative
968,425,2024-02-13,trial_start,,0.0,
969,425,2024-02-20,subscription_start,Premium,21.99,
970,425,2026-01-10,cancellation,Premium,-21.99,price
971,426,2024-02-17,trial_start,,0.0,
972,426,2024-02-24,trial_churn,,0.0,
973,427,2024-02-03,trial_start,,0.0,
974,427,2024-02-10,subscription_start,Basic,9.99,
975,427,2024-04-10,cancellation,Basic,-9.99,price
976,428,2026-02-09,trial_start,,0.0,
977,428,2026-02-16,subscription_start,Premium,21.99,
978,429,2026-05-04,subscription_start,Standard,15.99,
979,430,2024-05-23,trial_start,,0.0,
980,430,2024-05-30,trial_churn,,0.0,
981,431,2024-08-25,trial_start,,0.0,
982,431,2024-09-01,trial_churn,,0.0,
983,432,2026-03-03,trial_start,,0.0,
984,432,2026-03-10,trial_churn,,0.0,
985,433,2024-12-30,subscription_start,Premium,21.99,
986,433,2025-11-25,cancellation,Premium,-21.99,not_using
987,434,2024-03-28,trial_start,,0.0,
988,434,2024-04-04,trial_churn,,0.0,
989,435,2024-06-06,trial_start,,0.0,
990,435,2024-06-13,trial_churn,,0.0,
991,436,2024-04-19,subscription_start,Basic,9.99,
992,436,2026-06-08,upgrade,Premium,21.99,
993,437,2024-04-14,trial_start,,0.0,
994,437,2024-04-21,trial_churn,,0.0,
995,438,2025-02-21,trial_start,,0.0,
996,438,2025-02-28,subscription_start,Standard,15.99,
997,438,2025-10-26,cancellation,Standard,-15.99,not_using
998,439,2026-03-14,trial_start,,0.0,
999,439,2026-03-21,subscription_start,Standard,15.99,
1000,439,2026-06-19,cancellation,Standard,-15.99,not_using
1001,440,2024-03-27,trial_start,,0.0,
1002,440,2024-04-03,subscription_start,Premium,21.99,
1003,440,2025-08-26,cancellation,Premium,-21.99,not_using
1004,441,2025-12-02,trial_start,,0.0,
1005,441,2025-12-09,trial_churn,,0.0,
1006,442,2024-03-05,subscription_start,Family,27.99,
1007,442,2025-06-28,downgrade,Standard,15.99,
1008,442,2026-06-23,upgrade,Family,27.99,
1009,443,2025-01-04,trial_start,,0.0,
1010,443,2025-01-11,subscription_start,Family,27.99,
1011,444,2024-07-19,trial_start,,0.0,
1012,444,2024-07-26,trial_churn,,0.0,
1013,445,2025-09-27,trial_start,,0.0,
1014,445,2025-10-04,subscription_start,Standard,15.99,
1015,446,2026-04-23,trial_start,,0.0,
1016,446,2026-04-30,subscription_start,Family,27.99,
1017,447,2025-12-12,subscription_start,Standard,15.99,
1018,448,2024-10-25,trial_start,,0.0,
1019,448,2024-11-01,trial_churn,,0.0,
1020,449,2024-10-14,trial_start,,0.0,
1021,449,2024-10-21,trial_churn,,0.0,
1022,450,2025-07-12,subscription_start,Standard,15.99,
1023,450,2025-10-10,downgrade,Basic,9.99,
1024,450,2025-11-09,cancellation,Basic,-9.99,not_using
1025,451,2024-08-02,subscription_start,Premium,21.99,
1026,451,2025-02-28,downgrade,Standard,15.99,
1027,451,2026-02-23,cancellation,Standard,-15.99,found_alternative
1028,452,2026-03-25,trial_start,,0.0,
1029,452,2026-04-01,subscription_start,Standard,15.99,
1030,452,2026-05-31,downgrade,Basic,9.99,
1031,453,2025-11-05,trial_start,,0.0,
1032,453,2025-11-12,subscription_start,Standard,15.99,
1033,454,2025-09-04,trial_start,,0.0,
1034,454,2025-09-11,trial_churn,,0.0,
1035,455,2026-03-20,trial_start,,0.0,
1036,455,2026-03-27,trial_churn,,0.0,
1037,456,2024-03-28,trial_start,,0.0,
1038,456,2024-04-04,subscription_start,Standard,15.99,
1039,456,2024-10-31,cancellation,Standard,-15.99,found_alternative
1040,457,2025-09-19,subscription_start,Premium,21.99,
1041,458,2024-12-05,trial_start,,0.0,
1042,458,2024-12-12,subscription_start,Premium,21.99,
1043,459,2025-06-15,trial_start,,0.0,
1044,459,2025-06-22,subscription_start,Family,27.99,
1045,460,2025-04-19,trial_start,,0.0,
1046,460,2025-04-26,trial_churn,,0.0,
1047,461,2024-10-29,trial_start,,0.0,
1048,461,2024-11-05,subscription_start,Premium,21.99,
1049,461,2025-02-03,cancellation,Premium,-21.99,content_dissatisfaction
1050,462,2024-12-17,trial_start,,0.0,
1051,462,2024-12-24,trial_churn,,0.0,
1052,463,2025-03-24,trial_start,,0.0,
1053,463,2025-03-31,trial_churn,,0.0,
1054,464,2024-12-17,trial_start,,0.0,
1055,464,2024-12-24,subscription_start,Basic,9.99,
1056,464,2025-07-22,cancellation,Basic,-9.99,not_using
1057,465,2025-07-19,trial_start,,0.0,
1058,465,2025-07-26,subscription_start,Standard,15.99,
1059,465,2026-02-21,cancellation,Standard,-15.99,moved_competitor
1060,466,2025-02-18,trial_start,,0.0,
3221,466,2025-02-18,trial_start,,0.0,
1061,466,2025-02-25,trial_churn,,0.0,
1062,467,2026-01-25,trial_start,,0.0,
1063,467,2026-02-01,trial_churn,,0.0,
1064,468,2025-12-22,trial_start,,0.0,
1065,468,2025-12-29,trial_churn,,0.0,
1066,469,2026-03-29,trial_start,,0.0,
1067,469,2026-04-05,subscription_start,Family,27.99,
1068,469,2026-05-05,downgrade,Standard,15.99,
1069,470,2025-11-17,trial_start,,0.0,
1070,470,2025-11-24,subscription_start,Standard,15.99,
1071,471,2025-02-05,trial_start,,0.0,
1072,471,2025-02-12,trial_churn,,0.0,
1073,472,2026-04-13,trial_start,,0.0,
1074,472,2026-04-20,subscription_start,Basic,9.99,
1075,473,2024-09-01,trial_start,,0.0,
1076,473,2024-09-08,subscription_start,Basic,9.99,
1077,473,2026-05-01,upgrade,Standard,15.99,
1078,473,2026-05-01,cancellation,Standard,-15.99,price
1079,474,2025-03-04,trial_start,,0.0,
1080,474,2025-03-11,trial_churn,,0.0,
1081,475,2025-07-04,trial_start,,0.0,
1082,475,2025-07-11,subscription_start,Basic,9.99,
1083,475,2026-04-07,upgrade,Standard,15.99,
1084,476,2024-05-23,subscription_start,Family,27.99,
1085,476,2024-11-19,downgrade,Standard,15.99,
1086,476,2024-12-19,cancellation,Standard,-15.99,price
1087,477,2024-01-10,trial_start,,0.0,
1088,477,2024-01-17,subscription_start,Basic,9.99,
1089,477,2024-02-16,cancellation,Basic,-9.99,price
1090,478,2025-05-21,trial_start,,0.0,
1091,478,2025-05-28,subscription_start,Basic,9.99,
1092,479,2024-03-25,trial_start,,0.0,
1093,479,2024-04-01,subscription_start,Premium,21.99,
1094,480,2024-08-18,subscription_start,Basic,9.99,
1095,481,2026-02-23,trial_start,,0.0,
1096,481,2026-03-02,trial_churn,,0.0,
1097,482,2025-07-10,trial_start,,0.0,
1098,482,2025-07-17,trial_churn,,0.0,
1099,483,2025-03-11,trial_start,,0.0,
1100,483,2025-03-18,trial_churn,,0.0,
1101,484,2024-02-03,trial_start,,0.0,
1102,484,2024-02-10,subscription_start,Basic,9.99,
1103,484,2024-09-07,cancellation,Basic,-9.99,price
1104,485,2024-04-30,subscription_start,Premium,21.99,
1105,485,2024-06-29,downgrade,Standard,15.99,
1106,485,2024-09-27,cancellation,Standard,-15.99,content_dissatisfaction
1107,486,2025-09-16,subscription_start,Basic,9.99,
1108,486,2025-11-15,cancellation,Basic,-9.99,price
1109,486,2026-01-27,reactivation,Basic,9.99,
1110,487,2026-04-04,trial_start,,0.0,
1111,487,2026-04-11,subscription_start,Basic,9.99,
1112,488,2024-11-27,subscription_start,Premium,21.99,
1113,488,2025-04-26,cancellation,Premium,-21.99,price
1114,489,2025-11-26,subscription_start,Premium,21.99,
1115,489,2026-02-24,cancellation,Premium,-21.99,found_alternative
1116,490,2024-10-10,trial_start,,0.0,
1117,490,2024-10-17,subscription_start,Family,27.99,
1118,490,2025-01-15,cancellation,Family,-27.99,not_using
1119,491,2024-11-25,trial_start,,0.0,
1120,491,2024-12-02,trial_churn,,0.0,
1121,492,2025-10-09,trial_start,,0.0,
1122,492,2025-10-16,trial_churn,,0.0,
1123,493,2026-06-20,trial_start,,0.0,
1124,493,2026-06-27,subscription_start,Standard,15.99,
1125,494,2025-05-14,subscription_start,Premium,21.99,
1126,494,2025-06-13,cancellation,Premium,-21.99,technical_issues
1127,495,2025-04-14,subscription_start,Standard,15.99,
1128,496,2025-02-11,trial_start,,0.0,
1129,496,2025-02-18,trial_churn,,0.0,
1130,497,2026-04-28,subscription_start,Standard,15.99,
1131,498,2026-03-18,trial_start,,0.0,
1132,498,2026-03-25,subscription_start,Premium,21.99,
1133,499,2026-03-13,trial_start,,0.0,
1134,499,2026-03-20,trial_churn,,0.0,
1135,500,2024-01-01,subscription_start,Basic,9.99,
1136,500,2024-01-31,cancellation,Basic,-9.99,price
1137,500,2024-05-22,reactivation,Family,27.99,
1138,500,2025-06-16,cancellation,Family,-27.99,price
1139,501,2024-11-05,subscription_start,Premium,21.99,
1140,501,2025-08-02,cancellation,Premium,-21.99,content_dissatisfaction
1141,502,2024-09-13,trial_start,,0.0,
1142,502,2024-09-20,subscription_start,Basic,9.99,
1143,502,2025-07-17,cancellation,Basic,-9.99,price
1144,503,2025-10-02,subscription_start,Premium,21.99,
1145,503,2026-05-30,upgrade,Family,27.99,
1146,504,2025-12-21,trial_start,,0.0,
1147,504,2025-12-28,subscription_start,Standard,15.99,
1148,504,2026-01-27,cancellation,Standard,-15.99,found_alternative
1149,505,2025-06-15,subscription_start,Basic,9.99,
1150,505,2025-07-15,upgrade,Premium,21.99,
1151,505,2025-12-12,downgrade,Basic,9.99,
1152,506,2025-03-08,subscription_start,Family,27.99,
1153,506,2026-06-01,downgrade,Premium,21.99,
1154,507,2024-04-14,trial_start,,0.0,
1155,507,2024-04-21,subscription_start,Standard,15.99,
1156,507,2024-05-21,cancellation,Standard,-15.99,content_dissatisfaction
1157,508,2026-04-12,trial_start,,0.0,
1158,508,2026-04-19,trial_churn,,0.0,
1159,509,2024-01-09,trial_start,,0.0,
1160,509,2024-01-16,subscription_start,Basic,9.99,
1161,510,2024-06-04,trial_start,,0.0,
1162,510,2024-06-11,subscription_start,Standard,15.99,
1163,511,2024-04-12,trial_start,,0.0,
1164,511,2024-04-19,subscription_start,Basic,9.99,
1165,511,2024-05-19,upgrade,Standard,15.99,
1166,511,2024-06-18,cancellation,Standard,-15.99,found_alternative
1167,511,2024-08-13,reactivation,Basic,9.99,
1168,511,2024-12-11,upgrade,Family,27.99,
1169,511,2025-03-11,cancellation,Family,-27.99,content_dissatisfaction
1170,512,2025-03-15,trial_start,,0.0,
1171,512,2025-03-22,subscription_start,Basic,9.99,
1172,512,2025-05-21,cancellation,Basic,-9.99,not_using
1173,512,2025-06-28,reactivation,Basic,9.99,
1174,512,2026-03-25,cancellation,Basic,-9.99,price
1175,513,2025-09-07,subscription_start,Basic,9.99,
1176,513,2025-10-07,cancellation,Basic,-9.99,price
1177,514,2025-11-05,subscription_start,Basic,9.99,
1178,514,2026-03-05,upgrade,Premium,21.99,
1179,515,2024-10-29,trial_start,,0.0,
1180,515,2024-11-05,subscription_start,Basic,9.99,
1181,516,2024-04-25,subscription_start,Premium,21.99,
1182,516,2026-03-16,cancellation,Premium,-21.99,not_using
1183,517,2024-01-13,trial_start,,0.0,
1184,517,2024-01-20,subscription_start,Standard,15.99,
1185,517,2024-06-18,cancellation,Standard,-15.99,price
1186,518,2025-07-13,trial_start,,0.0,
1187,518,2025-07-20,subscription_start,Premium,21.99,
1188,518,2025-10-18,cancellation,Premium,-21.99,content_dissatisfaction
1189,519,2024-03-10,subscription_start,Standard,15.99,
1190,519,2025-07-03,cancellation,Standard,-15.99,content_dissatisfaction
1191,520,2025-02-11,trial_start,,0.0,
1192,520,2025-02-18,subscription_start,Premium,21.99,
1193,520,2025-06-18,cancellation,Premium,-21.99,not_using
1194,521,2025-02-15,trial_start,,0.0,
1195,521,2025-02-22,trial_churn,,0.0,
1196,522,2024-11-13,trial_start,,0.0,
3220,522,2024-11-13,trial_start,,0.0,
1197,522,2024-11-20,subscription_start,Basic,9.99,
1198,523,2025-02-04,trial_start,,0.0,
1199,523,2025-02-11,subscription_start,Premium,21.99,
1200,523,2026-01-07,upgrade,Family,27.99,
1201,524,2025-03-23,trial_start,,0.0,
1202,524,2025-03-30,subscription_start,Basic,9.99,
1203,524,2025-04-29,cancellation,Basic,-9.99,found_alternative
3214,524,2025-04-29,cancellation,Basic,-9.99,found_alternative
3222,524,2025-04-29,cancellation,Basic,-9.99,found_alternative
1204,525,2025-09-18,trial_start,,0.0,
1205,525,2025-09-25,subscription_start,Premium,21.99,
1206,525,2025-12-24,cancellation,Premium,-21.99,technical_issues
1207,526,2025-12-25,trial_start,,0.0,
1208,526,2026-01-01,trial_churn,,0.0,
1209,527,2026-03-12,subscription_start,Premium,21.99,
1210,528,2024-04-30,trial_start,,0.0,
1211,528,2024-05-07,subscription_start,Basic,9.99,
1212,528,2024-12-03,cancellation,Basic,-9.99,not_using
1213,529,2025-12-30,trial_start,,0.0,
1214,529,2026-01-06,trial_churn,,0.0,
1215,530,2025-05-26,subscription_start,Premium,21.99,
1216,530,2026-06-20,cancellation,Premium,-21.99,price
1217,531,2025-11-21,subscription_start,Standard,15.99,
1218,532,2024-01-13,trial_start,,0.0,
1219,532,2024-01-20,subscription_start,Standard,15.99,
1220,532,2024-04-19,cancellation,Standard,-15.99,found_alternative
1221,533,2026-05-28,trial_start,,0.0,
1222,533,2026-06-04,subscription_start,Basic,9.99,
1223,534,2024-09-11,trial_start,,0.0,
1224,534,2024-09-18,trial_churn,,0.0,
1225,535,2024-05-02,subscription_start,Basic,9.99,
1226,535,2024-06-01,cancellation,Basic,-9.99,not_using
1227,536,2024-02-17,subscription_start,Standard,15.99,
1228,536,2024-07-16,downgrade,Basic,9.99,
1229,536,2025-09-09,upgrade,Premium,21.99,
1230,537,2024-11-14,trial_start,,0.0,
1231,537,2024-11-21,subscription_start,Premium,21.99,
1232,537,2025-05-20,cancellation,Premium,-21.99,not_using
1233,538,2025-07-31,trial_start,,0.0,
1234,538,2025-08-07,subscription_start,Standard,15.99,
1235,538,2026-06-03,upgrade,Premium,21.99,
1236,539,2025-05-20,trial_start,,0.0,
1237,539,2025-05-27,subscription_start,Premium,21.99,
1238,539,2025-06-26,cancellation,Premium,-21.99,found_alternative
1239,539,2025-08-07,reactivation,Basic,9.99,
1240,539,2026-01-04,upgrade,Family,27.99,
1241,540,2025-02-23,subscription_start,Standard,15.99,
1242,541,2024-01-02,trial_start,,0.0,
1243,541,2024-01-09,subscription_start,Premium,21.99,
1244,541,2025-02-02,downgrade,Basic,9.99,
1245,542,2025-06-26,subscription_start,Premium,21.99,
1246,542,2025-08-25,downgrade,Basic,9.99,
1247,542,2025-09-24,cancellation,Basic,-9.99,moved_competitor
1248,543,2024-04-05,trial_start,,0.0,
1249,543,2024-04-12,trial_churn,,0.0,
1250,544,2025-01-16,trial_start,,0.0,
1251,544,2025-01-23,trial_churn,,0.0,
1252,545,2025-10-14,subscription_start,Basic,9.99,
1253,546,2024-05-13,subscription_start,Standard,15.99,
1254,546,2025-10-05,cancellation,Standard,-15.99,content_dissatisfaction
1255,547,2026-01-23,subscription_start,Standard,15.99,
1256,548,2024-05-19,trial_start,,0.0,
1257,548,2024-05-26,trial_churn,,0.0,
1258,549,2025-02-20,trial_start,,0.0,
1259,549,2025-02-27,trial_churn,,0.0,
1260,550,2025-04-19,subscription_start,Standard,15.99,
1261,551,2025-12-14,trial_start,,0.0,
1262,551,2025-12-21,trial_churn,,0.0,
1263,552,2025-12-29,subscription_start,Family,27.99,
1264,553,2024-09-23,trial_start,,0.0,
1265,553,2024-09-30,subscription_start,Premium,21.99,
1266,553,2024-11-29,cancellation,Premium,-21.99,price
1267,553,2025-04-10,reactivation,Family,27.99,
1268,553,2025-08-08,cancellation,Family,-27.99,content_dissatisfaction
1269,554,2025-07-17,trial_start,,0.0,
1270,554,2025-07-24,trial_churn,,0.0,
1271,555,2024-03-04,subscription_start,Family,27.99,
1272,555,2024-10-30,cancellation,Family,-27.99,content_dissatisfaction
1273,556,2025-10-22,trial_start,,0.0,
1274,556,2025-10-29,trial_churn,,0.0,
1275,557,2024-03-07,trial_start,,0.0,
1276,557,2024-03-14,trial_churn,,0.0,
1277,558,2026-05-17,trial_start,,0.0,
1278,558,2026-05-24,trial_churn,,0.0,
1279,559,2025-08-10,trial_start,,0.0,
1280,559,2025-08-17,trial_churn,,0.0,
1281,560,2025-03-12,trial_start,,0.0,
1282,560,2025-03-19,trial_churn,,0.0,
1283,561,2026-06-23,trial_start,,0.0,
1284,561,2026-06-30,subscription_start,Family,27.99,
1285,562,2025-05-25,trial_start,,0.0,
1286,562,2025-06-01,subscription_start,Premium,21.99,
1287,562,2025-09-29,cancellation,Premium,-21.99,price
1288,562,2026-03-24,reactivation,Premium,21.99,
1289,563,2024-05-20,trial_start,,0.0,
1290,563,2024-05-27,trial_churn,,0.0,
1291,564,2026-04-01,trial_start,,0.0,
1292,564,2026-04-08,subscription_start,Standard,15.99,
1293,565,2026-03-11,trial_start,,0.0,
1294,565,2026-03-18,subscription_start,Standard,15.99,
1295,566,2024-07-03,trial_start,,0.0,
1296,566,2024-07-10,trial_churn,,0.0,
1297,567,2025-04-28,subscription_start,Standard,15.99,
1298,567,2026-03-24,cancellation,Standard,-15.99,content_dissatisfaction
1299,568,2024-04-12,subscription_start,Premium,21.99,
1300,568,2025-04-07,cancellation,Premium,-21.99,price
1301,569,2024-08-12,subscription_start,Standard,15.99,
1302,569,2024-09-11,cancellation,Standard,-15.99,not_using
1303,570,2026-05-15,subscription_start,Family,27.99,
1304,571,2024-01-29,subscription_start,Family,27.99,
1305,571,2025-07-22,downgrade,Premium,21.99,
1306,571,2025-07-22,cancellation,Premium,-21.99,content_dissatisfaction
1307,571,2025-11-07,reactivation,Premium,21.99,
1308,571,2026-01-06,downgrade,Basic,9.99,
1309,572,2026-05-06,trial_start,,0.0,
1310,572,2026-05-13,subscription_start,Standard,15.99,
1311,573,2024-08-26,trial_start,,0.0,
1312,573,2024-09-02,subscription_start,Standard,15.99,
1313,573,2026-02-24,downgrade,Basic,9.99,
1314,574,2025-09-20,subscription_start,Basic,9.99,
1315,574,2025-12-19,cancellation,Basic,-9.99,moved_competitor
1316,575,2026-05-14,subscription_start,Standard,15.99,
1317,576,2026-05-16,subscription_start,Premium,21.99,
1318,577,2025-11-09,trial_start,,0.0,
1319,577,2025-11-16,trial_churn,,0.0,
1320,578,2024-06-10,trial_start,,0.0,
1321,578,2024-06-17,subscription_start,Premium,21.99,
1322,578,2025-03-14,upgrade,Family,27.99,
1323,578,2026-05-08,downgrade,Basic,9.99,
1324,579,2025-07-29,subscription_start,Standard,15.99,
1325,579,2025-10-27,cancellation,Standard,-15.99,price
1326,580,2025-01-22,subscription_start,Premium,21.99,
1327,580,2025-04-22,cancellation,Premium,-21.99,price
1328,581,2025-12-19,trial_start,,0.0,
1329,581,2025-12-26,subscription_start,Standard,15.99,
1330,581,2026-01-25,cancellation,Standard,-15.99,found_alternative
1331,582,2025-09-08,trial_start,,0.0,
1332,582,2025-09-15,trial_churn,,0.0,
1333,583,2024-04-16,trial_start,,0.0,
1334,583,2024-04-23,subscription_start,Basic,9.99,
1335,583,2024-12-19,cancellation,Basic,-9.99,moved_competitor
1336,584,2024-11-23,trial_start,,0.0,
1337,584,2024-11-30,trial_churn,,0.0,
1338,585,2024-09-28,subscription_start,Premium,21.99,
1339,585,2025-02-25,cancellation,Premium,-21.99,not_using
1340,586,2026-01-07,subscription_start,Standard,15.99,
1341,587,2026-06-24,trial_start,,0.0,
1342,587,2026-07-01,subscription_start,Standard,15.99,
1343,588,2026-04-28,trial_start,,0.0,
1344,588,2026-05-05,trial_churn,,0.0,
1345,589,2024-03-16,trial_start,,0.0,
1346,589,2024-03-23,trial_churn,,0.0,
1347,590,2024-06-23,trial_start,,0.0,
1348,590,2024-06-30,trial_churn,,0.0,
1349,591,2025-09-20,trial_start,,0.0,
1350,591,2025-09-27,trial_churn,,0.0,
1351,592,2025-03-20,trial_start,,0.0,
1352,592,2025-03-27,subscription_start,Standard,15.99,
1353,592,2025-07-25,cancellation,Standard,-15.99,not_using
1354,592,2026-02-10,reactivation,Premium,21.99,
1355,593,2025-07-21,trial_start,,0.0,
1356,593,2025-07-28,trial_churn,,0.0,
1357,594,2025-02-06,trial_start,,0.0,
1358,594,2025-02-13,trial_churn,,0.0,
1359,595,2025-03-13,trial_start,,0.0,
1360,595,2025-03-20,subscription_start,Standard,15.99,
1361,596,2024-04-09,trial_start,,0.0,
1362,596,2024-04-16,subscription_start,Basic,9.99,
1363,596,2025-12-07,cancellation,Basic,-9.99,found_alternative
1364,597,2024-04-28,trial_start,,0.0,
1365,597,2024-05-05,subscription_start,Family,27.99,
1366,597,2025-06-29,downgrade,Standard,15.99,
1367,597,2026-01-25,cancellation,Standard,-15.99,not_using
1368,598,2025-07-11,trial_start,,0.0,
1369,598,2025-07-18,trial_churn,,0.0,
1370,599,2024-02-15,trial_start,,0.0,
1371,599,2024-02-22,trial_churn,,0.0,
1372,600,2024-06-03,trial_start,,0.0,
1373,600,2024-06-10,trial_churn,,0.0,
1374,601,2026-02-13,subscription_start,Basic,9.99,
1375,601,2026-04-14,cancellation,Basic,-9.99,price
1376,602,2025-03-04,subscription_start,Basic,9.99,
1377,603,2025-05-02,trial_start,,0.0,
1378,603,2025-05-09,trial_churn,,0.0,
1379,604,2025-06-13,subscription_start,Standard,15.99,
1380,604,2025-12-10,cancellation,Standard,-15.99,content_dissatisfaction
1381,605,2025-04-04,subscription_start,Premium,21.99,
1382,605,2025-09-01,cancellation,Premium,-21.99,moved_competitor
1383,605,2025-11-07,reactivation,Standard,15.99,
1384,605,2026-03-07,downgrade,Basic,9.99,
1385,606,2024-05-09,trial_start,,0.0,
1386,606,2024-05-16,trial_churn,,0.0,
1387,607,2026-04-22,subscription_start,Standard,15.99,
1388,608,2026-04-06,trial_start,,0.0,
1389,608,2026-04-13,trial_churn,,0.0,
1390,609,2024-10-09,trial_start,,0.0,
1391,609,2024-10-16,trial_churn,,0.0,
1392,610,2026-03-11,trial_start,,0.0,
1393,610,2026-03-18,trial_churn,,0.0,
1394,611,2026-02-15,subscription_start,Standard,15.99,
1395,612,2026-06-07,trial_start,,0.0,
1396,612,2026-06-14,trial_churn,,0.0,
1397,613,2025-05-12,trial_start,,0.0,
1398,613,2025-05-19,subscription_start,Basic,9.99,
1399,614,2025-09-25,subscription_start,Basic,9.99,
1400,614,2025-10-25,cancellation,Basic,-9.99,content_dissatisfaction
1401,615,2024-12-05,subscription_start,Basic,9.99,
1402,615,2025-01-04,upgrade,Premium,21.99,
1403,615,2026-01-29,cancellation,Premium,-21.99,price
1404,616,2024-01-21,subscription_start,Basic,9.99,
1405,616,2025-07-14,upgrade,Family,27.99,
1406,617,2026-05-28,subscription_start,Family,27.99,
1407,618,2025-03-29,trial_start,,0.0,
1408,618,2025-04-05,trial_churn,,0.0,
1409,619,2024-08-04,subscription_start,Standard,15.99,
1410,619,2025-01-01,cancellation,Standard,-15.99,content_dissatisfaction
1411,620,2025-06-11,trial_start,,0.0,
1412,620,2025-06-18,subscription_start,Basic,9.99,
1413,621,2026-05-21,subscription_start,Basic,9.99,
1414,622,2024-07-24,subscription_start,Basic,9.99,
1415,622,2025-02-19,upgrade,Standard,15.99,
1416,623,2024-10-07,subscription_start,Premium,21.99,
3213,623,2024-10-07,subscription_start,Premium,21.99,
1417,623,2025-10-02,cancellation,Premium,-21.99,price
1418,624,2024-09-04,trial_start,,0.0,
1419,624,2024-09-11,trial_churn,,0.0,
1420,625,2024-12-24,trial_start,,0.0,
1421,625,2024-12-31,trial_churn,,0.0,
1422,626,2025-01-30,subscription_start,Standard,15.99,
1423,626,2025-09-27,downgrade,Basic,9.99,
1424,627,2025-10-24,trial_start,,0.0,
1425,627,2025-10-31,subscription_start,Standard,15.99,
1426,627,2025-12-30,upgrade,Family,27.99,
1427,628,2026-06-04,trial_start,,0.0,
1428,628,2026-06-11,trial_churn,,0.0,
1429,629,2024-01-09,subscription_start,Basic,9.99,
1430,629,2024-12-04,cancellation,Basic,-9.99,found_alternative
1431,630,2025-12-27,trial_start,,0.0,
1432,630,2026-01-03,trial_churn,,0.0,
1433,631,2024-08-11,trial_start,,0.0,
1434,631,2024-08-18,subscription_start,Premium,21.99,
1435,631,2025-03-16,downgrade,Basic,9.99,
1436,631,2026-01-10,cancellation,Basic,-9.99,price
1437,632,2024-04-14,trial_start,,0.0,
1438,632,2024-04-21,trial_churn,,0.0,
1439,633,2025-08-31,trial_start,,0.0,
1440,633,2025-09-07,subscription_start,Basic,9.99,
1441,634,2024-10-10,trial_start,,0.0,
1442,634,2024-10-17,trial_churn,,0.0,
1443,635,2025-06-13,trial_start,,0.0,
1444,635,2025-06-20,subscription_start,Basic,9.99,
1445,635,2026-06-15,cancellation,Basic,-9.99,content_dissatisfaction
1446,636,2024-11-23,trial_start,,0.0,
1447,636,2024-11-30,trial_churn,,0.0,
1448,637,2025-03-04,subscription_start,Standard,15.99,
1449,637,2026-04-28,cancellation,Standard,-15.99,moved_competitor
1450,638,2024-12-17,subscription_start,Standard,15.99,
1451,638,2026-02-10,cancellation,Standard,-15.99,not_using
1452,639,2025-11-18,trial_start,,0.0,
1453,639,2025-11-25,subscription_start,Standard,15.99,
1454,640,2024-04-09,subscription_start,Basic,9.99,
1455,640,2025-06-03,cancellation,Basic,-9.99,content_dissatisfaction
1456,641,2024-07-06,subscription_start,Basic,9.99,
1457,641,2025-09-29,cancellation,Basic,-9.99,content_dissatisfaction
1458,642,2024-11-10,trial_start,,0.0,
1459,642,2024-11-17,subscription_start,Standard,15.99,
1460,642,2025-11-12,cancellation,Standard,-15.99,not_using
1461,643,2025-04-19,trial_start,,0.0,
1462,643,2025-04-26,subscription_start,Premium,21.99,
1463,644,2025-09-27,subscription_start,Basic,9.99,
1464,645,2025-01-25,trial_start,,0.0,
1465,645,2025-02-01,trial_churn,,0.0,
1466,646,2024-07-24,trial_start,,0.0,
1467,646,2024-07-31,subscription_start,Standard,15.99,
1468,646,2025-01-27,upgrade,Premium,21.99,
1469,646,2025-01-27,cancellation,Premium,-21.99,price
1470,647,2026-06-02,trial_start,,0.0,
1471,647,2026-06-09,subscription_start,Family,27.99,
1472,648,2024-02-29,trial_start,,0.0,
1473,648,2024-03-07,subscription_start,Standard,15.99,
1474,648,2024-12-02,cancellation,Standard,-15.99,price
1475,649,2024-06-11,trial_start,,0.0,
1476,649,2024-06-18,subscription_start,Premium,21.99,
1477,649,2024-07-18,cancellation,Premium,-21.99,content_dissatisfaction
1478,650,2025-10-10,trial_start,,0.0,
1479,650,2025-10-17,subscription_start,Standard,15.99,
1480,650,2025-12-16,cancellation,Standard,-15.99,not_using
1481,651,2025-06-30,subscription_start,Premium,21.99,
1482,651,2025-07-30,cancellation,Premium,-21.99,content_dissatisfaction
1483,652,2025-06-27,trial_start,,0.0,
1484,652,2025-07-04,trial_churn,,0.0,
1485,653,2026-06-17,trial_start,,0.0,
1486,653,2026-06-24,trial_churn,,0.0,
1487,654,2024-06-20,trial_start,,0.0,
1488,654,2024-06-27,trial_churn,,0.0,
1489,655,2025-06-16,trial_start,,0.0,
1490,655,2025-06-23,trial_churn,,0.0,
1491,656,2025-05-16,trial_start,,0.0,
1492,656,2025-05-23,trial_churn,,0.0,
1493,657,2024-08-17,trial_start,,0.0,
1494,657,2024-08-24,trial_churn,,0.0,
1495,658,2025-01-10,subscription_start,Basic,9.99,
1496,659,2025-09-30,subscription_start,Family,27.99,
1497,660,2024-01-21,trial_start,,0.0,
1498,660,2024-01-28,subscription_start,Premium,21.99,
1499,661,2024-09-15,trial_start,,0.0,
1500,661,2024-09-22,trial_churn,,0.0,
1501,662,2025-11-08,subscription_start,Standard,15.99,
1502,662,2025-12-08,downgrade,Basic,9.99,
1503,663,2025-03-04,trial_start,,0.0,
1504,663,2025-03-11,subscription_start,Standard,15.99,
1505,663,2025-09-07,cancellation,Standard,-15.99,found_alternative
1506,664,2024-04-18,subscription_start,Standard,15.99,
1507,664,2024-05-18,upgrade,Family,27.99,
1508,664,2024-08-16,downgrade,Standard,15.99,
1509,664,2024-09-15,cancellation,Standard,-15.99,found_alternative
1510,665,2024-07-25,trial_start,,0.0,
1511,665,2024-08-01,trial_churn,,0.0,
1512,666,2024-07-31,subscription_start,Standard,15.99,
1513,666,2025-05-27,upgrade,Family,27.99,
1514,666,2025-06-26,cancellation,Family,-27.99,price
1515,666,2025-10-12,reactivation,Premium,21.99,
1516,666,2026-02-09,upgrade,Family,27.99,
1517,667,2026-05-05,subscription_start,Standard,15.99,
1518,668,2024-03-17,subscription_start,Premium,21.99,
1519,668,2024-06-15,downgrade,Basic,9.99,
1520,668,2026-01-06,upgrade,Standard,15.99,
1521,669,2024-10-30,subscription_start,Basic,9.99,
1522,670,2026-05-22,subscription_start,Standard,15.99,
1523,671,2024-04-07,trial_start,,0.0,
1524,671,2024-04-14,subscription_start,Premium,21.99,
1525,671,2025-12-05,downgrade,Standard,15.99,
1526,671,2026-04-04,upgrade,Premium,21.99,
1527,672,2025-03-24,subscription_start,Standard,15.99,
1528,673,2024-07-06,subscription_start,Standard,15.99,
1529,673,2026-03-28,cancellation,Standard,-15.99,price
1530,674,2025-12-07,trial_start,,0.0,
1531,674,2025-12-14,trial_churn,,0.0,
1532,675,2025-12-13,trial_start,,0.0,
1533,675,2025-12-20,trial_churn,,0.0,
1534,676,2025-08-27,trial_start,,0.0,
1535,676,2025-09-03,trial_churn,,0.0,
1536,677,2026-03-08,trial_start,,0.0,
1537,677,2026-03-15,trial_churn,,0.0,
1538,678,2025-05-14,trial_start,,0.0,
1539,678,2025-05-21,trial_churn,,0.0,
1540,679,2024-11-17,subscription_start,Premium,21.99,
1541,679,2025-03-17,downgrade,Standard,15.99,
1542,679,2026-06-10,cancellation,Standard,-15.99,not_using
1543,680,2024-08-17,trial_start,,0.0,
1544,680,2024-08-24,trial_churn,,0.0,
1545,681,2025-11-08,trial_start,,0.0,
1546,681,2025-11-15,trial_churn,,0.0,
1547,682,2026-04-26,trial_start,,0.0,
1548,682,2026-05-03,trial_churn,,0.0,
1549,683,2024-06-09,trial_start,,0.0,
1550,683,2024-06-16,trial_churn,,0.0,
1551,684,2025-05-18,trial_start,,0.0,
1552,684,2025-05-25,trial_churn,,0.0,
1553,685,2025-07-17,trial_start,,0.0,
1554,685,2025-07-24,subscription_start,Standard,15.99,
1555,685,2026-05-20,upgrade,Premium,21.99,
1556,686,2026-03-31,trial_start,,0.0,
1557,686,2026-04-07,subscription_start,Family,27.99,
1558,687,2025-05-24,trial_start,,0.0,
1559,687,2025-05-31,subscription_start,Basic,9.99,
1560,687,2025-06-30,cancellation,Basic,-9.99,found_alternative
1561,688,2024-01-01,subscription_start,Premium,21.99,
1562,688,2024-01-31,cancellation,Premium,-21.99,content_dissatisfaction
1563,689,2025-07-29,trial_start,,0.0,
1564,689,2025-08-05,subscription_start,Premium,21.99,
1565,690,2024-02-25,trial_start,,0.0,
1566,690,2024-03-03,trial_churn,,0.0,
1567,691,2026-01-03,subscription_start,Premium,21.99,
1568,692,2024-08-15,trial_start,,0.0,
1569,692,2024-08-22,subscription_start,Premium,21.99,
1570,692,2025-04-19,upgrade,Family,27.99,
1571,692,2025-08-17,downgrade,Basic,9.99,
1572,693,2025-01-17,subscription_start,Standard,15.99,
1573,693,2025-11-13,downgrade,Basic,9.99,
1574,694,2026-01-30,trial_start,,0.0,
1575,694,2026-02-06,subscription_start,Standard,15.99,
1576,694,2026-03-08,upgrade,Family,27.99,
1577,695,2026-05-22,subscription_start,Premium,21.99,
1578,695,2026-06-21,downgrade,Standard,15.99,
1579,696,2024-04-20,trial_start,,0.0,
1580,696,2024-04-27,subscription_start,Standard,15.99,
1581,696,2025-10-19,cancellation,Standard,-15.99,not_using
1582,696,2025-11-22,reactivation,Premium,21.99,
1583,697,2025-04-06,subscription_start,Family,27.99,
1584,697,2025-06-05,downgrade,Premium,21.99,
1585,697,2025-12-02,cancellation,Premium,-21.99,not_using
1586,698,2024-01-05,subscription_start,Premium,21.99,
1587,698,2024-06-03,cancellation,Premium,-21.99,found_alternative
1588,699,2025-05-09,trial_start,,0.0,
1589,699,2025-05-16,trial_churn,,0.0,
1590,700,2026-04-14,subscription_start,Basic,9.99,
1591,700,2026-05-14,cancellation,Basic,-9.99,content_dissatisfaction
1592,701,2025-05-31,trial_start,,0.0,
1593,701,2025-06-07,subscription_start,Premium,21.99,
1594,701,2025-09-05,downgrade,Standard,15.99,
1595,701,2025-10-05,cancellation,Standard,-15.99,content_dissatisfaction
1596,701,2026-03-18,reactivation,Family,27.99,
1597,701,2026-04-17,downgrade,Standard,15.99,
1598,702,2024-12-17,trial_start,,0.0,
1599,702,2024-12-24,subscription_start,Standard,15.99,
1600,702,2025-04-23,upgrade,Premium,21.99,
1601,702,2025-10-20,downgrade,Standard,15.99,
1602,703,2026-06-26,subscription_start,Family,27.99,
1603,704,2025-07-20,subscription_start,Premium,21.99,
1604,704,2026-04-16,cancellation,Premium,-21.99,moved_competitor
1605,705,2025-11-19,trial_start,,0.0,
1606,705,2025-11-26,trial_churn,,0.0,
1607,706,2025-12-11,trial_start,,0.0,
1608,706,2025-12-18,subscription_start,Standard,15.99,
1609,706,2026-01-17,downgrade,Basic,9.99,
1610,707,2025-08-19,trial_start,,0.0,
1611,707,2025-08-26,trial_churn,,0.0,
1612,708,2026-05-17,trial_start,,0.0,
1613,708,2026-05-24,subscription_start,Standard,15.99,
1614,709,2024-02-24,subscription_start,Family,27.99,
1615,709,2024-06-23,cancellation,Family,-27.99,not_using
1616,710,2025-11-30,trial_start,,0.0,
1617,710,2025-12-07,trial_churn,,0.0,
1618,711,2025-07-08,subscription_start,Family,27.99,
1619,711,2025-08-07,cancellation,Family,-27.99,price
1620,712,2026-01-27,trial_start,,0.0,
1621,712,2026-02-03,subscription_start,Standard,15.99,
1622,713,2025-06-07,trial_start,,0.0,
1623,713,2025-06-14,trial_churn,,0.0,
1624,714,2026-03-18,trial_start,,0.0,
1625,714,2026-03-25,subscription_start,Basic,9.99,
1626,714,2026-06-23,cancellation,Basic,-9.99,price
1627,715,2026-06-08,subscription_start,Family,27.99,
1628,716,2025-07-13,trial_start,,0.0,
1629,716,2025-07-20,subscription_start,Basic,9.99,
1630,716,2025-08-19,cancellation,Basic,-9.99,price
1631,716,2026-01-11,reactivation,Premium,21.99,
1632,716,2026-05-11,downgrade,Basic,9.99,
1633,717,2024-06-30,trial_start,,0.0,
1634,717,2024-07-07,trial_churn,,0.0,
1635,718,2024-02-11,trial_start,,0.0,
1636,718,2024-02-18,trial_churn,,0.0,
1637,719,2024-09-18,trial_start,,0.0,
1638,719,2024-09-25,subscription_start,Standard,15.99,
1639,719,2025-01-23,upgrade,Premium,21.99,
1640,719,2025-09-20,cancellation,Premium,-21.99,not_using
1641,720,2024-11-26,subscription_start,Standard,15.99,
1642,720,2025-03-26,cancellation,Standard,-15.99,found_alternative
1643,721,2024-11-04,subscription_start,Standard,15.99,
1644,721,2025-08-31,upgrade,Premium,21.99,
1645,722,2024-11-21,subscription_start,Basic,9.99,
1646,722,2025-04-20,cancellation,Basic,-9.99,moved_competitor
1647,723,2024-06-12,trial_start,,0.0,
1648,723,2024-06-19,subscription_start,Standard,15.99,
1649,723,2025-01-15,downgrade,Basic,9.99,
1650,723,2025-05-15,cancellation,Basic,-9.99,price
1651,724,2024-08-06,trial_start,,0.0,
1652,724,2024-08-13,subscription_start,Standard,15.99,
1653,724,2025-08-08,cancellation,Standard,-15.99,technical_issues
1654,725,2025-07-28,trial_start,,0.0,
1655,725,2025-08-04,trial_churn,,0.0,
1656,726,2025-10-19,subscription_start,Basic,9.99,
1657,727,2024-11-24,trial_start,,0.0,
1658,727,2024-12-01,subscription_start,Family,27.99,
1659,727,2025-11-26,cancellation,Family,-27.99,content_dissatisfaction
1660,728,2026-01-11,trial_start,,0.0,
1661,728,2026-01-18,trial_churn,,0.0,
1662,729,2025-06-04,trial_start,,0.0,
1663,729,2025-06-11,trial_churn,,0.0,
1664,730,2024-03-25,trial_start,,0.0,
1665,730,2024-04-01,trial_churn,,0.0,
1666,731,2025-10-03,subscription_start,Premium,21.99,
1667,731,2026-05-01,cancellation,Premium,-21.99,price
1668,732,2025-03-10,trial_start,,0.0,
1669,732,2025-03-17,subscription_start,Basic,9.99,
1670,733,2024-03-14,trial_start,,0.0,
1671,733,2024-03-21,trial_churn,,0.0,
1672,734,2024-02-25,subscription_start,Basic,9.99,
1673,734,2024-05-25,cancellation,Basic,-9.99,not_using
1674,735,2024-09-21,trial_start,,0.0,
1675,735,2024-09-28,subscription_start,Premium,21.99,
1676,735,2025-03-27,cancellation,Premium,-21.99,not_using
1677,736,2025-02-02,trial_start,,0.0,
1678,736,2025-02-09,trial_churn,,0.0,
1679,737,2026-02-02,subscription_start,Basic,9.99,
1680,738,2024-04-18,trial_start,,0.0,
1681,738,2024-04-25,subscription_start,Standard,15.99,
1682,738,2024-05-25,cancellation,Standard,-15.99,technical_issues
1683,739,2025-03-24,trial_start,,0.0,
1684,739,2025-03-31,subscription_start,Premium,21.99,
1685,739,2025-05-30,cancellation,Premium,-21.99,not_using
1686,739,2025-10-11,reactivation,Standard,15.99,
1687,739,2025-12-10,cancellation,Standard,-15.99,not_using
1688,739,2026-01-02,reactivation,Basic,9.99,
1689,740,2024-08-13,trial_start,,0.0,
1690,740,2024-08-20,trial_churn,,0.0,
1691,741,2025-10-11,subscription_start,Basic,9.99,
1692,741,2026-02-08,cancellation,Basic,-9.99,found_alternative
1693,742,2024-01-12,trial_start,,0.0,
1694,742,2024-01-19,subscription_start,Family,27.99,
1695,742,2026-01-08,cancellation,Family,-27.99,not_using
1696,743,2025-09-02,trial_start,,0.0,
1697,743,2025-09-09,trial_churn,,0.0,
1698,744,2026-01-29,trial_start,,0.0,
1699,744,2026-02-05,subscription_start,Family,27.99,
1700,745,2024-07-07,trial_start,,0.0,
1701,745,2024-07-14,trial_churn,,0.0,
1702,746,2026-03-29,trial_start,,0.0,
1703,746,2026-04-05,subscription_start,Standard,15.99,
1704,747,2025-07-16,trial_start,,0.0,
1705,747,2025-07-23,subscription_start,Standard,15.99,
1706,747,2026-02-18,cancellation,Standard,-15.99,price
1707,748,2025-08-17,trial_start,,0.0,
1708,748,2025-08-24,subscription_start,Basic,9.99,
1709,748,2025-09-23,cancellation,Basic,-9.99,price
1710,748,2026-03-28,reactivation,Standard,15.99,
1711,749,2025-09-26,trial_start,,0.0,
1712,749,2025-10-03,subscription_start,Basic,9.99,
1713,749,2025-12-02,cancellation,Basic,-9.99,content_dissatisfaction
1714,749,2026-04-09,reactivation,Standard,15.99,
1715,750,2025-11-06,trial_start,,0.0,
1716,750,2025-11-13,subscription_start,Standard,15.99,
1717,751,2024-11-19,subscription_start,Standard,15.99,
1718,751,2025-08-16,cancellation,Standard,-15.99,content_dissatisfaction
1719,752,2025-10-18,subscription_start,Premium,21.99,
1720,753,2025-04-18,trial_start,,0.0,
1721,753,2025-04-25,trial_churn,,0.0,
1722,754,2025-10-23,subscription_start,Family,27.99,
1723,754,2026-01-21,cancellation,Family,-27.99,price
1724,755,2024-07-20,subscription_start,Standard,15.99,
1725,755,2025-01-16,cancellation,Standard,-15.99,price
1726,756,2026-05-19,trial_start,,0.0,
1727,756,2026-05-26,trial_churn,,0.0,
1728,757,2025-08-27,subscription_start,Premium,21.99,
1729,757,2025-10-26,cancellation,Premium,-21.99,found_alternative
1730,758,2025-07-06,trial_start,,0.0,
1731,758,2025-07-13,trial_churn,,0.0,
1732,759,2026-03-01,trial_start,,0.0,
1733,759,2026-03-08,subscription_start,Standard,15.99,
1734,760,2024-04-02,subscription_start,Basic,9.99,
1735,760,2026-02-21,cancellation,Basic,-9.99,price
1736,761,2026-04-05,trial_start,,0.0,
1737,761,2026-04-12,subscription_start,Standard,15.99,
1738,762,2024-07-02,subscription_start,Basic,9.99,
1739,762,2024-08-31,upgrade,Premium,21.99,
1740,762,2025-11-24,cancellation,Premium,-21.99,price
1741,762,2026-04-01,reactivation,Family,27.99,
1742,762,2026-05-01,downgrade,Premium,21.99,
1743,763,2025-05-10,trial_start,,0.0,
1744,763,2025-05-17,trial_churn,,0.0,
1745,764,2025-01-13,trial_start,,0.0,
1746,764,2025-01-20,trial_churn,,0.0,
1747,765,2025-04-10,subscription_start,Family,27.99,
1748,765,2025-08-08,cancellation,Family,-27.99,price
1749,766,2025-06-17,trial_start,,0.0,
1750,766,2025-06-24,trial_churn,,0.0,
1751,767,2025-08-06,subscription_start,Basic,9.99,
1752,767,2025-11-04,upgrade,Standard,15.99,
1753,767,2025-11-04,cancellation,Standard,-15.99,price
1754,768,2026-05-05,trial_start,,0.0,
1755,768,2026-05-12,subscription_start,Standard,15.99,
1756,769,2024-12-27,trial_start,,0.0,
1757,769,2025-01-03,trial_churn,,0.0,
1758,770,2026-06-22,trial_start,,0.0,
1759,770,2026-06-29,trial_churn,,0.0,
1760,771,2024-08-04,subscription_start,Premium,21.99,
1761,771,2024-12-02,cancellation,Premium,-21.99,content_dissatisfaction
1762,772,2025-02-28,trial_start,,0.0,
1763,772,2025-03-07,subscription_start,Basic,9.99,
1764,773,2025-08-27,trial_start,,0.0,
1765,773,2025-09-03,subscription_start,Standard,15.99,
1766,773,2025-11-02,cancellation,Standard,-15.99,technical_issues
1767,774,2025-08-10,subscription_start,Premium,21.99,
1768,774,2026-02-06,cancellation,Premium,-21.99,price
1769,774,2026-06-01,reactivation,Premium,21.99,
1770,775,2024-05-30,subscription_start,Family,27.99,
1771,775,2024-06-29,cancellation,Family,-27.99,price
1772,776,2025-09-05,subscription_start,Basic,9.99,
1773,777,2024-08-09,trial_start,,0.0,
1774,777,2024-08-16,trial_churn,,0.0,
1775,778,2026-04-30,trial_start,,0.0,
1776,778,2026-05-07,subscription_start,Standard,15.99,
1777,779,2025-06-07,trial_start,,0.0,
1778,779,2025-06-14,trial_churn,,0.0,
1779,780,2024-03-11,trial_start,,0.0,
1780,780,2024-03-18,subscription_start,Basic,9.99,
1781,780,2024-07-16,upgrade,Standard,15.99,
1782,780,2024-12-13,cancellation,Standard,-15.99,not_using
1783,781,2026-05-30,trial_start,,0.0,
1784,781,2026-06-06,subscription_start,Family,27.99,
1785,782,2025-05-02,trial_start,,0.0,
1786,782,2025-05-09,trial_churn,,0.0,
1787,783,2024-04-30,trial_start,,0.0,
1788,783,2024-05-07,trial_churn,,0.0,
1789,784,2024-01-02,subscription_start,Family,27.99,
1790,785,2025-03-15,trial_start,,0.0,
1791,785,2025-03-22,trial_churn,,0.0,
1792,786,2026-04-03,subscription_start,Standard,15.99,
1793,787,2026-05-29,trial_start,,0.0,
1794,787,2026-06-05,trial_churn,,0.0,
1795,788,2024-01-06,trial_start,,0.0,
1796,788,2024-01-13,subscription_start,Premium,21.99,
1797,788,2025-03-08,cancellation,Premium,-21.99,content_dissatisfaction
1798,789,2024-07-29,subscription_start,Premium,21.99,
1799,789,2025-03-26,cancellation,Premium,-21.99,found_alternative
1800,790,2024-09-16,trial_start,,0.0,
1801,790,2024-09-23,subscription_start,Standard,15.99,
1802,791,2025-11-27,trial_start,,0.0,
1803,791,2025-12-04,trial_churn,,0.0,
1804,792,2025-01-14,trial_start,,0.0,
1805,792,2025-01-21,subscription_start,Premium,21.99,
1806,792,2025-04-21,cancellation,Premium,-21.99,price
1807,792,2025-06-01,reactivation,Standard,15.99,
1808,793,2026-03-03,subscription_start,Premium,21.99,
1809,793,2026-04-02,downgrade,Standard,15.99,
1810,794,2025-04-02,subscription_start,Basic,9.99,
1811,795,2025-09-20,subscription_start,Basic,9.99,
1812,795,2026-01-18,cancellation,Basic,-9.99,price
1813,796,2026-04-23,trial_start,,0.0,
1814,796,2026-04-30,trial_churn,,0.0,
1815,797,2024-08-15,subscription_start,Standard,15.99,
1816,797,2025-05-12,cancellation,Standard,-15.99,content_dissatisfaction
1817,798,2025-02-14,trial_start,,0.0,
1818,798,2025-02-21,subscription_start,Premium,21.99,
1819,798,2025-07-21,cancellation,Premium,-21.99,moved_competitor
1820,799,2026-03-03,subscription_start,Basic,9.99,
1821,800,2026-04-03,trial_start,,0.0,
1822,800,2026-04-10,subscription_start,Premium,21.99,
1823,800,2026-05-10,cancellation,Premium,-21.99,not_using
1824,801,2025-12-16,trial_start,,0.0,
1825,801,2025-12-23,subscription_start,Premium,21.99,
1826,802,2024-01-01,trial_start,,0.0,
1827,802,2024-01-08,trial_churn,,0.0,
1828,803,2025-02-08,subscription_start,Premium,21.99,
1829,803,2026-06-03,upgrade,Family,27.99,
1830,804,2025-07-16,trial_start,,0.0,
1831,804,2025-07-23,trial_churn,,0.0,
1832,805,2026-04-15,subscription_start,Standard,15.99,
1833,805,2026-05-15,upgrade,Premium,21.99,
1834,806,2025-08-11,trial_start,,0.0,
1835,806,2025-08-18,subscription_start,Basic,9.99,
1836,806,2026-04-15,cancellation,Basic,-9.99,found_alternative
1837,807,2025-05-30,subscription_start,Standard,15.99,
1838,807,2026-01-25,cancellation,Standard,-15.99,not_using
1839,808,2026-06-16,subscription_start,Standard,15.99,
1840,809,2025-07-30,subscription_start,Premium,21.99,
1841,809,2025-12-27,cancellation,Premium,-21.99,technical_issues
1842,810,2025-08-23,trial_start,,0.0,
1843,810,2025-08-30,subscription_start,Standard,15.99,
1844,811,2024-08-13,trial_start,,0.0,
1845,811,2024-08-20,subscription_start,Premium,21.99,
1846,811,2024-11-18,downgrade,Standard,15.99,
1847,812,2024-01-10,trial_start,,0.0,
1848,812,2024-01-17,subscription_start,Premium,21.99,
1849,812,2025-07-10,cancellation,Premium,-21.99,price
1850,813,2024-07-01,trial_start,,0.0,
1851,813,2024-07-08,subscription_start,Standard,15.99,
1852,813,2025-02-03,upgrade,Family,27.99,
1853,813,2025-07-03,cancellation,Family,-27.99,technical_issues
1854,814,2026-02-03,subscription_start,Premium,21.99,
1855,815,2024-07-30,trial_start,,0.0,
1856,815,2024-08-06,subscription_start,Basic,9.99,
1857,815,2025-05-03,cancellation,Basic,-9.99,not_using
1858,816,2026-03-08,trial_start,,0.0,
1859,816,2026-03-15,trial_churn,,0.0,
1860,817,2026-02-21,trial_start,,0.0,
1861,817,2026-02-28,subscription_start,Basic,9.99,
1862,817,2026-06-28,cancellation,Basic,-9.99,found_alternative
1863,818,2025-05-19,trial_start,,0.0,
1864,818,2025-05-26,subscription_start,Premium,21.99,
1865,818,2026-04-21,cancellation,Premium,-21.99,price
1866,819,2024-08-15,trial_start,,0.0,
1867,819,2024-08-22,trial_churn,,0.0,
1868,820,2025-07-07,trial_start,,0.0,
1869,820,2025-07-14,trial_churn,,0.0,
1870,821,2024-05-03,subscription_start,Premium,21.99,
1871,822,2025-01-23,trial_start,,0.0,
1872,822,2025-01-30,subscription_start,Standard,15.99,
1873,822,2025-05-30,cancellation,Standard,-15.99,price
1874,823,2024-09-26,trial_start,,0.0,
1875,823,2024-10-03,subscription_start,Standard,15.99,
1876,823,2025-04-01,downgrade,Basic,9.99,
1877,823,2025-04-01,cancellation,Basic,-9.99,price
1878,824,2025-05-25,trial_start,,0.0,
1879,824,2025-06-01,trial_churn,,0.0,
1880,825,2025-02-14,subscription_start,Standard,15.99,
1881,825,2025-06-14,cancellation,Standard,-15.99,price
1882,826,2026-04-13,trial_start,,0.0,
1883,826,2026-04-20,subscription_start,Standard,15.99,
1884,827,2025-01-25,trial_start,,0.0,
1885,827,2025-02-01,trial_churn,,0.0,
1886,828,2024-01-10,trial_start,,0.0,
1887,828,2024-01-17,subscription_start,Basic,9.99,
1888,828,2024-06-15,upgrade,Premium,21.99,
1889,828,2024-09-13,upgrade,Family,27.99,
1890,828,2025-06-10,cancellation,Family,-27.99,content_dissatisfaction
1891,829,2024-11-19,trial_start,,0.0,
1892,829,2024-11-26,trial_churn,,0.0,
1893,830,2024-04-11,subscription_start,Basic,9.99,
1894,830,2025-04-06,cancellation,Basic,-9.99,content_dissatisfaction
1895,831,2024-04-08,trial_start,,0.0,
1896,831,2024-04-15,subscription_start,Standard,15.99,
1897,831,2024-07-14,cancellation,Standard,-15.99,not_using
1898,832,2026-04-09,subscription_start,Premium,21.99,
1899,833,2025-09-12,trial_start,,0.0,
1900,833,2025-09-19,subscription_start,Basic,9.99,
1901,833,2026-02-16,upgrade,Premium,21.99,
1902,833,2026-05-17,cancellation,Premium,-21.99,not_using
1903,834,2026-03-10,subscription_start,Basic,9.99,
1904,834,2026-05-09,upgrade,Family,27.99,
1905,835,2025-04-02,subscription_start,Standard,15.99,
1906,835,2026-05-27,cancellation,Standard,-15.99,price
1907,836,2025-10-17,subscription_start,Premium,21.99,
1908,837,2024-03-14,subscription_start,Family,27.99,
1909,837,2024-09-10,downgrade,Standard,15.99,
1910,837,2025-05-08,cancellation,Standard,-15.99,technical_issues
1911,838,2025-12-28,subscription_start,Premium,21.99,
1912,838,2026-03-28,cancellation,Premium,-21.99,price
1913,839,2025-01-06,trial_start,,0.0,
1914,839,2025-01-13,trial_churn,,0.0,
1915,840,2024-01-24,trial_start,,0.0,
1916,840,2024-01-31,trial_churn,,0.0,
1917,841,2025-02-10,trial_start,,0.0,
1918,841,2025-02-17,trial_churn,,0.0,
1919,842,2024-01-27,trial_start,,0.0,
1920,842,2024-02-03,subscription_start,Premium,21.99,
1921,842,2024-11-29,upgrade,Family,27.99,
1922,842,2025-01-28,downgrade,Basic,9.99,
1923,842,2025-09-25,cancellation,Basic,-9.99,content_dissatisfaction
1924,842,2026-03-22,reactivation,Standard,15.99,
1925,843,2024-06-08,trial_start,,0.0,
1926,843,2024-06-15,subscription_start,Standard,15.99,
1927,843,2025-06-10,downgrade,Basic,9.99,
1928,843,2025-09-08,upgrade,Standard,15.99,
1929,844,2026-01-25,subscription_start,Basic,9.99,
1930,845,2024-01-30,subscription_start,Basic,9.99,
1931,845,2024-08-27,upgrade,Premium,21.99,
1932,845,2025-05-24,cancellation,Premium,-21.99,moved_competitor
1933,846,2025-04-23,subscription_start,Premium,21.99,
1934,846,2025-09-20,downgrade,Basic,9.99,
1935,846,2025-11-19,upgrade,Standard,15.99,
1936,846,2026-04-18,cancellation,Standard,-15.99,price
1937,847,2025-12-15,trial_start,,0.0,
1938,847,2025-12-22,subscription_start,Basic,9.99,
1939,848,2025-10-17,trial_start,,0.0,
1940,848,2025-10-24,trial_churn,,0.0,
1941,849,2026-04-04,trial_start,,0.0,
1942,849,2026-04-11,subscription_start,Family,27.99,
1943,850,2024-01-11,trial_start,,0.0,
1944,850,2024-01-18,trial_churn,,0.0,
1945,851,2025-04-25,trial_start,,0.0,
1946,851,2025-05-02,trial_churn,,0.0,
1947,852,2026-02-23,trial_start,,0.0,
1948,852,2026-03-02,trial_churn,,0.0,
1949,853,2024-07-12,trial_start,,0.0,
1950,853,2024-07-19,subscription_start,Basic,9.99,
1951,853,2024-12-16,cancellation,Basic,-9.99,not_using
1952,853,2025-02-21,reactivation,Family,27.99,
1953,853,2025-08-20,downgrade,Standard,15.99,
1954,854,2026-01-24,trial_start,,0.0,
1955,854,2026-01-31,trial_churn,,0.0,
1956,855,2025-10-02,subscription_start,Premium,21.99,
1957,855,2026-03-31,downgrade,Basic,9.99,
1958,855,2026-04-30,upgrade,Standard,15.99,
1959,856,2025-12-02,trial_start,,0.0,
1960,856,2025-12-09,trial_churn,,0.0,
1961,857,2026-05-23,trial_start,,0.0,
1962,857,2026-05-30,subscription_start,Basic,9.99,
1963,858,2024-10-05,trial_start,,0.0,
1964,858,2024-10-12,trial_churn,,0.0,
1965,859,2025-07-01,trial_start,,0.0,
1966,859,2025-07-08,subscription_start,Premium,21.99,
1967,859,2025-12-05,cancellation,Premium,-21.99,found_alternative
1968,860,2025-03-24,trial_start,,0.0,
1969,860,2025-03-31,subscription_start,Premium,21.99,
1970,861,2025-03-06,trial_start,,0.0,
1971,861,2025-03-13,subscription_start,Basic,9.99,
1972,861,2025-04-12,upgrade,Standard,15.99,
1973,861,2025-06-11,cancellation,Standard,-15.99,found_alternative
1974,862,2026-03-21,trial_start,,0.0,
1975,862,2026-03-28,trial_churn,,0.0,
1976,863,2026-03-05,subscription_start,Standard,15.99,
1977,863,2026-05-04,cancellation,Standard,-15.99,technical_issues
1978,864,2024-09-13,trial_start,,0.0,
1979,864,2024-09-20,subscription_start,Basic,9.99,
1980,864,2025-12-14,cancellation,Basic,-9.99,not_using
1981,865,2025-03-29,subscription_start,Premium,21.99,
1982,865,2026-04-23,cancellation,Premium,-21.99,price
1983,866,2024-04-06,subscription_start,Standard,15.99,
1984,866,2024-12-02,cancellation,Standard,-15.99,found_alternative
1985,867,2024-11-15,trial_start,,0.0,
1986,867,2024-11-22,subscription_start,Family,27.99,
1987,868,2024-09-16,subscription_start,Standard,15.99,
1988,868,2026-05-09,cancellation,Standard,-15.99,not_using
1989,869,2024-08-11,trial_start,,0.0,
1990,869,2024-08-18,subscription_start,Standard,15.99,
1991,869,2024-11-16,cancellation,Standard,-15.99,price
1992,869,2025-02-06,reactivation,Standard,15.99,
1993,869,2025-09-04,cancellation,Standard,-15.99,found_alternative
1994,870,2024-10-09,subscription_start,Premium,21.99,
1995,870,2024-11-08,cancellation,Premium,-21.99,not_using
1996,871,2025-08-18,trial_start,,0.0,
1997,871,2025-08-25,trial_churn,,0.0,
1998,872,2025-05-26,trial_start,,0.0,
1999,872,2025-06-02,subscription_start,Standard,15.99,
2000,872,2025-11-29,cancellation,Standard,-15.99,price
2001,873,2025-10-22,trial_start,,0.0,
2002,873,2025-10-29,subscription_start,Premium,21.99,
2003,873,2026-02-26,cancellation,Premium,-21.99,content_dissatisfaction
2004,874,2024-11-20,subscription_start,Premium,21.99,
2005,874,2025-08-17,downgrade,Basic,9.99,
2006,874,2026-05-14,cancellation,Basic,-9.99,found_alternative
2007,875,2024-01-22,trial_start,,0.0,
3223,875,2024-01-22,trial_start,,0.0,
2008,875,2024-01-29,trial_churn,,0.0,
2009,876,2025-03-24,trial_start,,0.0,
2010,876,2025-03-31,subscription_start,Standard,15.99,
2011,877,2025-07-10,subscription_start,Standard,15.99,
2012,877,2026-01-06,cancellation,Standard,-15.99,content_dissatisfaction
2013,877,2026-03-01,reactivation,Standard,15.99,
2014,877,2026-05-30,cancellation,Standard,-15.99,price
2015,878,2025-07-21,subscription_start,Premium,21.99,
2016,879,2025-07-08,trial_start,,0.0,
2017,879,2025-07-15,subscription_start,Standard,15.99,
2018,880,2024-07-08,trial_start,,0.0,
2019,880,2024-07-15,subscription_start,Basic,9.99,
2020,881,2026-01-08,trial_start,,0.0,
2021,881,2026-01-15,subscription_start,Standard,15.99,
2022,882,2025-11-30,trial_start,,0.0,
2023,882,2025-12-07,trial_churn,,0.0,
2024,883,2025-10-18,trial_start,,0.0,
2025,883,2025-10-25,trial_churn,,0.0,
2026,884,2024-05-12,trial_start,,0.0,
2027,884,2024-05-19,trial_churn,,0.0,
2028,885,2024-02-02,trial_start,,0.0,
2029,885,2024-02-09,subscription_start,Standard,15.99,
2030,885,2024-09-06,cancellation,Standard,-15.99,content_dissatisfaction
2031,886,2025-12-19,subscription_start,Basic,9.99,
2032,886,2026-02-17,cancellation,Basic,-9.99,technical_issues
2033,886,2026-04-17,reactivation,Family,27.99,
2034,887,2024-01-14,trial_start,,0.0,
2035,887,2024-01-21,subscription_start,Standard,15.99,
2036,887,2024-12-16,cancellation,Standard,-15.99,not_using
2037,888,2025-10-16,subscription_start,Premium,21.99,
2038,888,2025-12-15,downgrade,Standard,15.99,
2039,889,2026-03-24,subscription_start,Basic,9.99,
2040,890,2026-05-04,trial_start,,0.0,
2041,890,2026-05-11,trial_churn,,0.0,
2042,891,2026-01-12,subscription_start,Standard,15.99,
2043,892,2025-08-06,trial_start,,0.0,
2044,892,2025-08-13,trial_churn,,0.0,
2045,893,2024-04-18,subscription_start,Basic,9.99,
2046,893,2025-03-14,cancellation,Basic,-9.99,price
2047,893,2025-05-15,reactivation,Basic,9.99,
2048,893,2026-03-11,upgrade,Family,27.99,
2049,894,2024-06-19,trial_start,,0.0,
2050,894,2024-06-26,trial_churn,,0.0,
2051,895,2025-09-06,subscription_start,Basic,9.99,
2052,895,2026-06-03,cancellation,Basic,-9.99,moved_competitor
2053,896,2024-11-28,trial_start,,0.0,
2054,896,2024-12-05,trial_churn,,0.0,
2055,897,2025-07-30,trial_start,,0.0,
2056,897,2025-08-06,subscription_start,Premium,21.99,
2057,897,2025-12-04,cancellation,Premium,-21.99,technical_issues
2058,898,2025-04-08,subscription_start,Standard,15.99,
2059,898,2025-11-04,downgrade,Basic,9.99,
2060,899,2025-09-02,trial_start,,0.0,
2061,899,2025-09-09,trial_churn,,0.0,
2062,900,2024-08-15,subscription_start,Premium,21.99,
2063,900,2026-02-06,downgrade,Standard,15.99,
2064,901,2025-06-07,trial_start,,0.0,
2065,901,2025-06-14,trial_churn,,0.0,
2066,902,2024-12-30,trial_start,,0.0,
2067,902,2025-01-06,subscription_start,Basic,9.99,
2068,902,2025-05-06,cancellation,Basic,-9.99,price
2069,903,2024-09-19,subscription_start,Basic,9.99,
2070,903,2025-08-15,upgrade,Premium,21.99,
2071,903,2025-09-14,cancellation,Premium,-21.99,not_using
2072,904,2026-01-10,subscription_start,Standard,15.99,
2073,904,2026-04-10,cancellation,Standard,-15.99,technical_issues
2074,905,2024-04-07,trial_start,,0.0,
2075,905,2024-04-14,trial_churn,,0.0,
2076,906,2026-03-09,trial_start,,0.0,
2077,906,2026-03-16,subscription_start,Premium,21.99,
2078,906,2026-05-15,cancellation,Premium,-21.99,price
2079,907,2026-06-07,subscription_start,Basic,9.99,
2080,908,2025-10-11,trial_start,,0.0,
2081,908,2025-10-18,trial_churn,,0.0,
2082,909,2025-08-01,trial_start,,0.0,
2083,909,2025-08-08,subscription_start,Standard,15.99,
2084,909,2026-01-05,cancellation,Standard,-15.99,content_dissatisfaction
2085,910,2026-01-19,trial_start,,0.0,
2086,910,2026-01-26,trial_churn,,0.0,
2087,911,2024-08-15,trial_start,,0.0,
2088,911,2024-08-22,trial_churn,,0.0,
2089,912,2025-05-02,trial_start,,0.0,
2090,912,2025-05-09,subscription_start,Family,27.99,
2091,913,2025-05-28,trial_start,,0.0,
2092,913,2025-06-04,subscription_start,Standard,15.99,
2093,914,2024-07-21,trial_start,,0.0,
2094,914,2024-07-28,trial_churn,,0.0,
2095,915,2026-01-23,trial_start,,0.0,
2096,915,2026-01-30,subscription_start,Premium,21.99,
2097,916,2025-08-12,trial_start,,0.0,
2098,916,2025-08-19,subscription_start,Standard,15.99,
2099,917,2024-11-24,trial_start,,0.0,
2100,917,2024-12-01,trial_churn,,0.0,
2101,918,2024-12-24,trial_start,,0.0,
2102,918,2024-12-31,subscription_start,Premium,21.99,
2103,919,2024-02-15,trial_start,,0.0,
2104,919,2024-02-22,subscription_start,Basic,9.99,
2105,919,2024-10-19,cancellation,Basic,-9.99,price
2106,920,2024-02-25,trial_start,,0.0,
2107,920,2024-03-03,subscription_start,Standard,15.99,
2108,920,2024-05-02,downgrade,Basic,9.99,
2109,920,2025-10-24,upgrade,Standard,15.99,
2110,921,2025-12-11,trial_start,,0.0,
2111,921,2025-12-18,trial_churn,,0.0,
2112,922,2025-07-04,trial_start,,0.0,
2113,922,2025-07-11,subscription_start,Family,27.99,
2114,922,2025-09-09,downgrade,Standard,15.99,
2115,923,2025-09-29,trial_start,,0.0,
2116,923,2025-10-06,trial_churn,,0.0,
2117,924,2025-11-10,trial_start,,0.0,
2118,924,2025-11-17,subscription_start,Premium,21.99,
2119,924,2026-01-16,cancellation,Premium,-21.99,price
2120,925,2025-12-14,trial_start,,0.0,
2121,925,2025-12-21,subscription_start,Basic,9.99,
2122,926,2025-11-07,subscription_start,Premium,21.99,
2123,926,2026-01-06,upgrade,Family,27.99,
2124,927,2024-01-20,subscription_start,Basic,9.99,
2125,927,2025-01-14,cancellation,Basic,-9.99,price
2126,928,2025-06-04,trial_start,,0.0,
2127,928,2025-06-11,trial_churn,,0.0,
2128,929,2024-07-09,trial_start,,0.0,
2129,929,2024-07-16,subscription_start,Family,27.99,
2130,930,2025-06-26,trial_start,,0.0,
2131,930,2025-07-03,subscription_start,Standard,15.99,
2132,930,2026-05-29,downgrade,Basic,9.99,
2133,931,2025-12-01,trial_start,,0.0,
2134,931,2025-12-08,subscription_start,Family,27.99,
2135,932,2024-03-04,subscription_start,Standard,15.99,
2136,932,2024-08-01,upgrade,Premium,21.99,
2137,932,2026-02-22,cancellation,Premium,-21.99,price
2138,933,2024-10-13,trial_start,,0.0,
2139,933,2024-10-20,subscription_start,Standard,15.99,
2140,933,2025-07-17,upgrade,Family,27.99,
2141,934,2025-01-26,trial_start,,0.0,
2142,934,2025-02-02,trial_churn,,0.0,
2143,935,2025-08-09,trial_start,,0.0,
2144,935,2025-08-16,subscription_start,Premium,21.99,
2145,935,2025-11-14,cancellation,Premium,-21.99,price
2146,936,2025-07-09,subscription_start,Standard,15.99,
2147,936,2025-08-08,downgrade,Basic,9.99,
2148,936,2025-10-07,cancellation,Basic,-9.99,moved_competitor
2149,937,2024-07-26,subscription_start,Standard,15.99,
2150,937,2025-01-22,upgrade,Premium,21.99,
2151,937,2025-11-18,cancellation,Premium,-21.99,price
2152,937,2026-03-02,reactivation,Standard,15.99,
2153,938,2025-03-16,trial_start,,0.0,
2154,938,2025-03-23,subscription_start,Standard,15.99,
2155,939,2025-07-24,subscription_start,Standard,15.99,
2156,939,2026-01-20,downgrade,Basic,9.99,
2157,939,2026-02-19,cancellation,Basic,-9.99,price
2158,940,2024-05-29,subscription_start,Basic,9.99,
2159,940,2026-03-20,cancellation,Basic,-9.99,price
2160,940,2026-04-20,reactivation,Standard,15.99,
2161,940,2026-06-19,downgrade,Basic,9.99,
2162,941,2024-11-06,trial_start,,0.0,
2163,941,2024-11-13,trial_churn,,0.0,
2164,942,2024-07-11,trial_start,,0.0,
2165,942,2024-07-18,subscription_start,Standard,15.99,
2166,942,2024-10-16,cancellation,Standard,-15.99,found_alternative
2167,943,2025-09-12,subscription_start,Standard,15.99,
2168,944,2025-01-02,subscription_start,Premium,21.99,
2169,944,2025-05-02,cancellation,Premium,-21.99,content_dissatisfaction
2170,945,2025-04-25,trial_start,,0.0,
2171,945,2025-05-02,trial_churn,,0.0,
2172,946,2024-06-16,subscription_start,Premium,21.99,
2173,946,2025-12-08,cancellation,Premium,-21.99,found_alternative
2174,947,2025-02-26,trial_start,,0.0,
2175,947,2025-03-05,subscription_start,Standard,15.99,
2176,947,2025-11-30,downgrade,Basic,9.99,
2177,948,2025-03-25,subscription_start,Standard,15.99,
2178,949,2025-03-13,subscription_start,Family,27.99,
2179,949,2026-01-07,cancellation,Family,-27.99,content_dissatisfaction
2180,949,2026-01-28,reactivation,Family,27.99,
2181,950,2025-02-07,trial_start,,0.0,
2182,950,2025-02-14,trial_churn,,0.0,
2183,951,2026-06-15,subscription_start,Premium,21.99,
2184,952,2024-09-08,trial_start,,0.0,
2185,952,2024-09-15,trial_churn,,0.0,
2186,953,2025-06-12,trial_start,,0.0,
2187,953,2025-06-19,subscription_start,Family,27.99,
2188,953,2026-01-15,downgrade,Basic,9.99,
2189,954,2024-11-07,subscription_start,Standard,15.99,
2190,954,2025-02-05,cancellation,Standard,-15.99,price
2191,955,2025-12-07,trial_start,,0.0,
2192,955,2025-12-14,subscription_start,Basic,9.99,
2193,956,2025-05-27,trial_start,,0.0,
2194,956,2025-06-03,trial_churn,,0.0,
2195,957,2025-02-27,subscription_start,Standard,15.99,
2196,957,2025-09-25,cancellation,Standard,-15.99,technical_issues
2197,957,2026-04-06,reactivation,Standard,15.99,
2198,958,2024-07-25,subscription_start,Family,27.99,
2199,958,2024-10-23,cancellation,Family,-27.99,not_using
2200,958,2025-05-07,reactivation,Standard,15.99,
2201,958,2025-12-03,upgrade,Family,27.99,
2202,959,2024-05-06,trial_start,,0.0,
2203,959,2024-05-13,trial_churn,,0.0,
2204,960,2025-12-25,subscription_start,Basic,9.99,
3218,960,2025-12-25,subscription_start,Basic,9.99,
2205,961,2025-01-22,trial_start,,0.0,
2206,961,2025-01-29,trial_churn,,0.0,
2207,962,2025-11-06,trial_start,,0.0,
2208,962,2025-11-13,trial_churn,,0.0,
2209,963,2024-11-12,subscription_start,Basic,9.99,
2210,963,2025-09-08,cancellation,Basic,-9.99,technical_issues
2211,964,2024-01-04,subscription_start,Standard,15.99,
2212,964,2024-05-03,upgrade,Family,27.99,
2213,965,2025-07-10,trial_start,,0.0,
2214,965,2025-07-17,trial_churn,,0.0,
2215,966,2025-05-02,trial_start,,0.0,
2216,966,2025-05-09,subscription_start,Basic,9.99,
2217,966,2025-08-07,cancellation,Basic,-9.99,not_using
2218,967,2026-06-22,trial_start,,0.0,
2219,967,2026-06-29,subscription_start,Premium,21.99,
2220,968,2024-05-31,subscription_start,Basic,9.99,
2221,968,2024-09-28,cancellation,Basic,-9.99,content_dissatisfaction
2222,969,2026-05-08,trial_start,,0.0,
2223,969,2026-05-15,subscription_start,Basic,9.99,
2224,970,2024-07-01,trial_start,,0.0,
2225,970,2024-07-08,subscription_start,Basic,9.99,
2226,970,2025-08-02,cancellation,Basic,-9.99,content_dissatisfaction
2227,970,2025-09-09,reactivation,Basic,9.99,
2228,970,2026-01-07,cancellation,Basic,-9.99,not_using
2229,971,2025-07-29,subscription_start,Premium,21.99,
2230,972,2024-04-05,subscription_start,Basic,9.99,
2231,972,2025-09-27,cancellation,Basic,-9.99,found_alternative
2232,972,2026-01-14,reactivation,Standard,15.99,
2233,973,2026-05-13,subscription_start,Premium,21.99,
2234,974,2024-10-08,trial_start,,0.0,
2235,974,2024-10-15,subscription_start,Standard,15.99,
2236,974,2026-01-08,upgrade,Premium,21.99,
2237,974,2026-03-09,downgrade,Standard,15.99,
2238,974,2026-03-09,cancellation,Standard,-15.99,content_dissatisfaction
2239,975,2024-04-21,trial_start,,0.0,
2240,975,2024-04-28,trial_churn,,0.0,
2241,976,2025-12-06,trial_start,,0.0,
2242,976,2025-12-13,subscription_start,Standard,15.99,
2243,977,2026-05-18,trial_start,,0.0,
2244,977,2026-05-25,trial_churn,,0.0,
2245,978,2024-05-12,trial_start,,0.0,
2246,978,2024-05-19,trial_churn,,0.0,
2247,979,2024-07-03,trial_start,,0.0,
2248,979,2024-07-10,subscription_start,Premium,21.99,
2249,979,2024-08-09,cancellation,Premium,-21.99,technical_issues
2250,979,2024-09-07,reactivation,Standard,15.99,
2251,979,2025-05-05,cancellation,Standard,-15.99,found_alternative
2252,980,2024-01-25,subscription_start,Premium,21.99,
2253,980,2024-07-23,cancellation,Premium,-21.99,not_using
2254,980,2024-09-16,reactivation,Premium,21.99,
2255,980,2024-10-16,cancellation,Premium,-21.99,technical_issues
2256,981,2025-02-28,trial_start,,0.0,
2257,981,2025-03-07,trial_churn,,0.0,
2258,982,2024-07-25,trial_start,,0.0,
2259,982,2024-08-01,trial_churn,,0.0,
2260,983,2024-11-27,subscription_start,Premium,21.99,
2261,983,2025-06-25,cancellation,Premium,-21.99,found_alternative
2262,984,2025-09-22,subscription_start,Basic,9.99,
2263,985,2025-05-05,trial_start,,0.0,
2264,985,2025-05-12,subscription_start,Standard,15.99,
2265,985,2025-10-09,upgrade,Premium,21.99,
2266,986,2025-04-16,subscription_start,Standard,15.99,
2267,986,2026-02-10,upgrade,Premium,21.99,
2268,986,2026-04-11,downgrade,Basic,9.99,
2269,987,2024-02-27,trial_start,,0.0,
2270,987,2024-03-05,trial_churn,,0.0,
2271,988,2024-01-20,trial_start,,0.0,
2272,988,2024-01-27,trial_churn,,0.0,
2273,989,2024-06-01,trial_start,,0.0,
2274,989,2024-06-08,subscription_start,Standard,15.99,
2275,989,2025-03-05,upgrade,Premium,21.99,
2276,989,2025-10-01,downgrade,Basic,9.99,
2277,989,2025-10-31,cancellation,Basic,-9.99,found_alternative
2278,990,2026-05-12,trial_start,,0.0,
2279,990,2026-05-19,trial_churn,,0.0,
2280,991,2026-03-12,trial_start,,0.0,
2281,991,2026-03-19,subscription_start,Basic,9.99,
2282,991,2026-04-18,upgrade,Premium,21.99,
2283,992,2024-03-29,trial_start,,0.0,
2284,992,2024-04-05,trial_churn,,0.0,
2285,993,2024-11-05,subscription_start,Premium,21.99,
2286,993,2024-12-05,downgrade,Basic,9.99,
2287,993,2024-12-05,cancellation,Basic,-9.99,not_using
2288,994,2025-03-30,trial_start,,0.0,
2289,994,2025-04-06,subscription_start,Family,27.99,
2290,994,2025-10-03,cancellation,Family,-27.99,not_using
2291,995,2024-12-14,trial_start,,0.0,
2292,995,2024-12-21,trial_churn,,0.0,
2293,996,2026-06-11,trial_start,,0.0,
2294,996,2026-06-18,subscription_start,Standard,15.99,
2295,997,2024-02-07,trial_start,,0.0,
2296,997,2024-02-14,subscription_start,Standard,15.99,
2297,997,2025-11-05,upgrade,Premium,21.99,
2298,998,2024-02-15,trial_start,,0.0,
2299,998,2024-02-22,trial_churn,,0.0,
2300,999,2026-02-23,trial_start,,0.0,
2301,999,2026-03-02,trial_churn,,0.0,
2302,1000,2024-08-02,trial_start,,0.0,
2303,1000,2024-08-09,trial_churn,,0.0,
2304,1001,2025-03-27,trial_start,,0.0,
2305,1001,2025-04-03,trial_churn,,0.0,
2306,1002,2025-09-29,trial_start,,0.0,
2307,1002,2025-10-06,subscription_start,Basic,9.99,
2308,1002,2026-03-05,cancellation,Basic,-9.99,price
2309,1003,2024-10-04,trial_start,,0.0,
2310,1003,2024-10-11,trial_churn,,0.0,
2311,1004,2024-03-13,trial_start,,0.0,
2312,1004,2024-03-20,trial_churn,,0.0,
2313,1005,2024-01-30,trial_start,,0.0,
2314,1005,2024-02-06,trial_churn,,0.0,
2315,1006,2025-03-12,trial_start,,0.0,
2316,1006,2025-03-19,subscription_start,Family,27.99,
2317,1006,2025-07-17,cancellation,Family,-27.99,found_alternative
2318,1006,2025-11-21,reactivation,Basic,9.99,
2319,1007,2025-12-07,subscription_start,Family,27.99,
2320,1008,2025-11-17,trial_start,,0.0,
2321,1008,2025-11-24,subscription_start,Standard,15.99,
2322,1009,2024-04-05,trial_start,,0.0,
2323,1009,2024-04-12,subscription_start,Standard,15.99,
2324,1009,2024-07-11,cancellation,Standard,-15.99,found_alternative
2325,1010,2024-08-17,trial_start,,0.0,
2326,1010,2024-08-24,subscription_start,Basic,9.99,
2327,1010,2026-06-15,upgrade,Premium,21.99,
2328,1011,2025-12-17,trial_start,,0.0,
2329,1011,2025-12-24,trial_churn,,0.0,
2330,1012,2024-03-07,trial_start,,0.0,
2331,1012,2024-03-14,trial_churn,,0.0,
2332,1013,2024-12-22,subscription_start,Standard,15.99,
2333,1013,2026-03-17,cancellation,Standard,-15.99,not_using
2334,1014,2026-03-26,trial_start,,0.0,
2335,1014,2026-04-02,trial_churn,,0.0,
2336,1015,2025-02-14,trial_start,,0.0,
2337,1015,2025-02-21,subscription_start,Basic,9.99,
2338,1015,2026-04-17,cancellation,Basic,-9.99,price
2339,1016,2025-05-08,trial_start,,0.0,
2340,1016,2025-05-15,trial_churn,,0.0,
2341,1017,2025-03-21,trial_start,,0.0,
2342,1017,2025-03-28,trial_churn,,0.0,
2343,1018,2025-11-16,trial_start,,0.0,
2344,1018,2025-11-23,trial_churn,,0.0,
2345,1019,2025-09-02,trial_start,,0.0,
2346,1019,2025-09-09,subscription_start,Premium,21.99,
2347,1020,2025-02-19,subscription_start,Premium,21.99,
2348,1020,2026-03-16,downgrade,Basic,9.99,
2349,1021,2025-01-23,trial_start,,0.0,
2350,1021,2025-01-30,subscription_start,Standard,15.99,
2351,1021,2025-03-01,upgrade,Premium,21.99,
2352,1021,2026-02-24,cancellation,Premium,-21.99,price
2353,1022,2024-05-22,subscription_start,Basic,9.99,
2354,1022,2024-11-18,cancellation,Basic,-9.99,found_alternative
2355,1023,2025-11-07,trial_start,,0.0,
2356,1023,2025-11-14,trial_churn,,0.0,
2357,1024,2024-07-19,subscription_start,Standard,15.99,
2358,1024,2024-12-16,cancellation,Standard,-15.99,content_dissatisfaction
2359,1024,2025-07-02,reactivation,Premium,21.99,
2360,1024,2026-02-27,cancellation,Premium,-21.99,price
2361,1025,2025-11-26,subscription_start,Premium,21.99,
2362,1026,2025-08-19,subscription_start,Premium,21.99,
2363,1026,2026-03-17,cancellation,Premium,-21.99,content_dissatisfaction
2364,1027,2024-03-04,subscription_start,Basic,9.99,
2365,1027,2025-08-26,cancellation,Basic,-9.99,price
2366,1028,2026-04-20,trial_start,,0.0,
2367,1028,2026-04-27,subscription_start,Standard,15.99,
2368,1029,2025-12-20,trial_start,,0.0,
2369,1029,2025-12-27,trial_churn,,0.0,
2370,1030,2025-03-21,trial_start,,0.0,
2371,1030,2025-03-28,subscription_start,Basic,9.99,
2372,1030,2026-01-22,cancellation,Basic,-9.99,technical_issues
2373,1031,2025-01-28,trial_start,,0.0,
2374,1031,2025-02-04,subscription_start,Basic,9.99,
2375,1032,2024-03-14,subscription_start,Basic,9.99,
2376,1032,2024-05-13,cancellation,Basic,-9.99,price
2377,1033,2024-05-19,subscription_start,Premium,21.99,
2378,1033,2025-03-15,cancellation,Premium,-21.99,found_alternative
2379,1034,2025-12-13,trial_start,,0.0,
2380,1034,2025-12-20,subscription_start,Premium,21.99,
2381,1034,2026-03-20,cancellation,Premium,-21.99,not_using
2382,1035,2025-07-19,trial_start,,0.0,
2383,1035,2025-07-26,subscription_start,Basic,9.99,
2384,1035,2026-03-23,cancellation,Basic,-9.99,not_using
2385,1036,2025-08-14,trial_start,,0.0,
2386,1036,2025-08-21,subscription_start,Premium,21.99,
2387,1037,2025-07-13,trial_start,,0.0,
2388,1037,2025-07-20,subscription_start,Standard,15.99,
2389,1038,2025-01-12,trial_start,,0.0,
2390,1038,2025-01-19,subscription_start,Basic,9.99,
2391,1039,2026-01-18,trial_start,,0.0,
2392,1039,2026-01-25,subscription_start,Basic,9.99,
2393,1039,2026-04-25,upgrade,Premium,21.99,
2394,1040,2024-03-21,trial_start,,0.0,
2395,1040,2024-03-28,subscription_start,Basic,9.99,
2396,1040,2024-11-23,upgrade,Family,27.99,
2397,1040,2025-04-22,downgrade,Premium,21.99,
2398,1040,2025-11-18,cancellation,Premium,-21.99,not_using
2399,1041,2025-11-10,trial_start,,0.0,
2400,1041,2025-11-17,subscription_start,Standard,15.99,
2401,1041,2026-01-16,cancellation,Standard,-15.99,content_dissatisfaction
2402,1042,2024-02-24,trial_start,,0.0,
2403,1042,2024-03-02,subscription_start,Standard,15.99,
2404,1042,2025-08-24,upgrade,Premium,21.99,
2405,1043,2025-04-25,trial_start,,0.0,
2406,1043,2025-05-02,subscription_start,Standard,15.99,
2407,1043,2025-12-28,upgrade,Family,27.99,
2408,1043,2026-06-26,downgrade,Premium,21.99,
2409,1044,2024-02-06,trial_start,,0.0,
2410,1044,2024-02-13,trial_churn,,0.0,
2411,1045,2025-10-06,subscription_start,Family,27.99,
2412,1046,2025-10-01,trial_start,,0.0,
2413,1046,2025-10-08,subscription_start,Basic,9.99,
2414,1046,2026-05-06,upgrade,Family,27.99,
2415,1047,2026-03-13,subscription_start,Basic,9.99,
2416,1047,2026-04-12,cancellation,Basic,-9.99,not_using
2417,1048,2024-01-15,subscription_start,Basic,9.99,
2418,1048,2024-05-14,cancellation,Basic,-9.99,content_dissatisfaction
2419,1049,2025-01-13,trial_start,,0.0,
2420,1049,2025-01-20,subscription_start,Family,27.99,
2421,1049,2025-10-17,cancellation,Family,-27.99,content_dissatisfaction
2422,1050,2025-06-24,trial_start,,0.0,
2423,1050,2025-07-01,trial_churn,,0.0,
2424,1051,2026-04-21,subscription_start,Standard,15.99,
2425,1052,2024-08-31,subscription_start,Family,27.99,
2426,1053,2024-12-19,trial_start,,0.0,
2427,1053,2024-12-26,trial_churn,,0.0,
2428,1054,2025-04-20,trial_start,,0.0,
2429,1054,2025-04-27,subscription_start,Premium,21.99,
2430,1055,2025-11-30,trial_start,,0.0,
2431,1055,2025-12-07,trial_churn,,0.0,
2432,1056,2026-03-27,subscription_start,Basic,9.99,
2433,1056,2026-04-26,cancellation,Basic,-9.99,technical_issues
2434,1057,2024-02-12,trial_start,,0.0,
2435,1057,2024-02-19,trial_churn,,0.0,
2436,1058,2025-10-29,trial_start,,0.0,
2437,1058,2025-11-05,subscription_start,Premium,21.99,
2438,1059,2025-08-21,subscription_start,Premium,21.99,
2439,1060,2025-08-25,trial_start,,0.0,
2440,1060,2025-09-01,subscription_start,Basic,9.99,
2441,1060,2026-03-30,cancellation,Basic,-9.99,not_using
2442,1061,2024-01-11,trial_start,,0.0,
2443,1061,2024-01-18,subscription_start,Basic,9.99,
2444,1061,2024-10-14,cancellation,Basic,-9.99,not_using
2445,1062,2025-12-02,trial_start,,0.0,
2446,1062,2025-12-09,trial_churn,,0.0,
2447,1063,2024-01-25,subscription_start,Premium,21.99,
3216,1063,2024-01-25,subscription_start,Premium,21.99,
2448,1064,2025-10-15,trial_start,,0.0,
2449,1064,2025-10-22,subscription_start,Basic,9.99,
2450,1065,2025-11-03,subscription_start,Premium,21.99,
2451,1065,2026-03-03,downgrade,Standard,15.99,
2452,1066,2024-09-16,subscription_start,Standard,15.99,
2453,1067,2024-10-10,trial_start,,0.0,
2454,1067,2024-10-17,trial_churn,,0.0,
2455,1068,2026-03-10,trial_start,,0.0,
2456,1068,2026-03-17,subscription_start,Standard,15.99,
2457,1069,2024-03-02,trial_start,,0.0,
2458,1069,2024-03-09,subscription_start,Premium,21.99,
2459,1069,2024-06-07,cancellation,Premium,-21.99,price
2460,1070,2024-07-24,trial_start,,0.0,
2461,1070,2024-07-31,subscription_start,Premium,21.99,
2462,1070,2025-10-24,cancellation,Premium,-21.99,price
2463,1071,2026-02-26,subscription_start,Premium,21.99,
2464,1072,2024-04-15,subscription_start,Standard,15.99,
2465,1072,2025-04-10,cancellation,Standard,-15.99,moved_competitor
2466,1073,2024-01-20,subscription_start,Premium,21.99,
2467,1073,2024-03-20,upgrade,Family,27.99,
2468,1073,2025-02-13,cancellation,Family,-27.99,price
2469,1074,2024-09-29,trial_start,,0.0,
2470,1074,2024-10-06,trial_churn,,0.0,
2471,1075,2025-12-25,trial_start,,0.0,
2472,1075,2026-01-01,trial_churn,,0.0,
2473,1076,2024-01-04,trial_start,,0.0,
2474,1076,2024-01-11,subscription_start,Basic,9.99,
2475,1076,2025-06-04,upgrade,Family,27.99,
2476,1076,2025-11-01,downgrade,Premium,21.99,
2477,1077,2025-07-02,trial_start,,0.0,
2478,1077,2025-07-09,subscription_start,Family,27.99,
2479,1078,2025-10-24,trial_start,,0.0,
2480,1078,2025-10-31,trial_churn,,0.0,
2481,1079,2025-04-15,subscription_start,Premium,21.99,
2482,1079,2025-05-15,cancellation,Premium,-21.99,price
2483,1080,2025-11-07,trial_start,,0.0,
2484,1080,2025-11-14,subscription_start,Premium,21.99,
2485,1080,2026-01-13,downgrade,Standard,15.99,
2486,1081,2025-01-02,trial_start,,0.0,
2487,1081,2025-01-09,subscription_start,Basic,9.99,
2488,1081,2025-03-10,cancellation,Basic,-9.99,content_dissatisfaction
2489,1082,2024-07-16,trial_start,,0.0,
2490,1082,2024-07-23,subscription_start,Basic,9.99,
2491,1082,2024-12-20,cancellation,Basic,-9.99,found_alternative
2492,1083,2026-03-22,subscription_start,Premium,21.99,
2493,1084,2024-01-17,trial_start,,0.0,
2494,1084,2024-01-24,trial_churn,,0.0,
2495,1085,2024-08-04,trial_start,,0.0,
2496,1085,2024-08-11,subscription_start,Premium,21.99,
2497,1085,2025-07-07,upgrade,Family,27.99,
2498,1086,2025-08-16,trial_start,,0.0,
2499,1086,2025-08-23,subscription_start,Premium,21.99,
2500,1087,2024-01-20,subscription_start,Basic,9.99,
2501,1087,2024-03-20,cancellation,Basic,-9.99,not_using
2502,1088,2024-05-13,subscription_start,Basic,9.99,
2503,1088,2024-06-12,cancellation,Basic,-9.99,price
2504,1089,2024-04-09,subscription_start,Premium,21.99,
2505,1089,2025-06-03,cancellation,Premium,-21.99,not_using
2506,1090,2024-04-18,trial_start,,0.0,
2507,1090,2024-04-25,subscription_start,Premium,21.99,
2508,1090,2026-04-15,cancellation,Premium,-21.99,content_dissatisfaction
2509,1091,2024-07-26,trial_start,,0.0,
2510,1091,2024-08-02,subscription_start,Basic,9.99,
2511,1091,2024-12-30,upgrade,Premium,21.99,
2512,1091,2025-01-29,downgrade,Standard,15.99,
2513,1091,2025-04-29,cancellation,Standard,-15.99,content_dissatisfaction
2514,1092,2025-12-01,subscription_start,Basic,9.99,
2515,1093,2025-08-30,subscription_start,Standard,15.99,
2516,1093,2025-11-28,downgrade,Basic,9.99,
2517,1094,2024-06-21,trial_start,,0.0,
2518,1094,2024-06-28,subscription_start,Standard,15.99,
2519,1094,2024-12-25,cancellation,Standard,-15.99,price
2520,1095,2024-04-12,subscription_start,Basic,9.99,
2521,1095,2026-01-02,cancellation,Basic,-9.99,not_using
2522,1096,2024-03-23,subscription_start,Premium,21.99,
2523,1096,2024-08-20,downgrade,Basic,9.99,
2524,1096,2025-08-15,cancellation,Basic,-9.99,found_alternative
2525,1097,2025-03-02,trial_start,,0.0,
2526,1097,2025-03-09,subscription_start,Standard,15.99,
2527,1097,2025-04-08,upgrade,Premium,21.99,
2528,1097,2025-05-08,cancellation,Premium,-21.99,content_dissatisfaction
2529,1098,2025-02-25,trial_start,,0.0,
2530,1098,2025-03-04,trial_churn,,0.0,
2531,1099,2026-01-04,trial_start,,0.0,
2532,1099,2026-01-11,trial_churn,,0.0,
2533,1100,2024-01-05,subscription_start,Standard,15.99,
2534,1100,2025-01-29,cancellation,Standard,-15.99,price
2535,1101,2025-09-25,trial_start,,0.0,
2536,1101,2025-10-02,subscription_start,Premium,21.99,
2537,1101,2025-12-31,downgrade,Standard,15.99,
2538,1101,2025-12-31,cancellation,Standard,-15.99,content_dissatisfaction
2539,1102,2026-02-27,trial_start,,0.0,
2540,1102,2026-03-06,subscription_start,Standard,15.99,
2541,1103,2024-06-01,trial_start,,0.0,
2542,1103,2024-06-08,trial_churn,,0.0,
2543,1104,2025-01-07,subscription_start,Standard,15.99,
2544,1104,2025-03-08,cancellation,Standard,-15.99,not_using
2545,1105,2026-02-15,trial_start,,0.0,
2546,1105,2026-02-22,trial_churn,,0.0,
2547,1106,2026-03-15,subscription_start,Basic,9.99,
2548,1107,2025-08-29,trial_start,,0.0,
2549,1107,2025-09-05,trial_churn,,0.0,
2550,1108,2024-04-22,subscription_start,Standard,15.99,
2551,1109,2025-01-19,subscription_start,Premium,21.99,
2552,1109,2025-04-19,downgrade,Standard,15.99,
2553,1109,2025-04-19,cancellation,Standard,-15.99,found_alternative
2554,1110,2024-05-28,trial_start,,0.0,
2555,1110,2024-06-04,subscription_start,Premium,21.99,
2556,1110,2025-05-30,downgrade,Basic,9.99,
2557,1110,2025-08-28,cancellation,Basic,-9.99,content_dissatisfaction
2558,1111,2025-04-13,trial_start,,0.0,
2559,1111,2025-04-20,subscription_start,Family,27.99,
2560,1111,2025-06-19,cancellation,Family,-27.99,content_dissatisfaction
2561,1112,2024-02-02,trial_start,,0.0,
2562,1112,2024-02-09,trial_churn,,0.0,
2563,1113,2024-06-24,subscription_start,Standard,15.99,
2564,1113,2025-08-18,upgrade,Premium,21.99,
2565,1113,2025-09-17,cancellation,Premium,-21.99,found_alternative
2566,1114,2025-10-15,subscription_start,Standard,15.99,
2567,1115,2024-03-29,trial_start,,0.0,
2568,1115,2024-04-05,subscription_start,Basic,9.99,
2569,1115,2024-05-05,cancellation,Basic,-9.99,price
2570,1116,2026-05-07,trial_start,,0.0,
2571,1116,2026-05-14,trial_churn,,0.0,
2572,1117,2025-03-20,subscription_start,Premium,21.99,
2573,1117,2026-02-13,cancellation,Premium,-21.99,content_dissatisfaction
2574,1118,2024-01-06,subscription_start,Premium,21.99,
2575,1118,2025-03-01,cancellation,Premium,-21.99,content_dissatisfaction
2576,1118,2025-03-29,reactivation,Standard,15.99,
2577,1118,2025-07-27,cancellation,Standard,-15.99,price
2578,1119,2025-05-31,trial_start,,0.0,
2579,1119,2025-06-07,subscription_start,Basic,9.99,
2580,1119,2025-12-04,cancellation,Basic,-9.99,content_dissatisfaction
2581,1120,2024-09-03,subscription_start,Standard,15.99,
2582,1121,2024-05-15,trial_start,,0.0,
2583,1121,2024-05-22,trial_churn,,0.0,
2584,1122,2025-11-16,subscription_start,Premium,21.99,
2585,1123,2024-01-25,trial_start,,0.0,
2586,1123,2024-02-01,subscription_start,Standard,15.99,
2587,1123,2025-01-26,cancellation,Standard,-15.99,not_using
2588,1124,2026-06-11,subscription_start,Standard,15.99,
2589,1125,2024-03-13,trial_start,,0.0,
2590,1125,2024-03-20,subscription_start,Standard,15.99,
2591,1125,2025-06-13,cancellation,Standard,-15.99,price
2592,1126,2026-02-09,subscription_start,Family,27.99,
2593,1127,2026-03-17,trial_start,,0.0,
2594,1127,2026-03-24,subscription_start,Basic,9.99,
2595,1128,2025-11-21,trial_start,,0.0,
2596,1128,2025-11-28,trial_churn,,0.0,
2597,1129,2024-02-11,trial_start,,0.0,
2598,1129,2024-02-18,trial_churn,,0.0,
2599,1130,2026-03-03,trial_start,,0.0,
2600,1130,2026-03-10,subscription_start,Standard,15.99,
2601,1131,2025-05-04,trial_start,,0.0,
2602,1131,2025-05-11,trial_churn,,0.0,
2603,1132,2024-09-30,trial_start,,0.0,
2604,1132,2024-10-07,subscription_start,Standard,15.99,
2605,1132,2025-02-04,downgrade,Basic,9.99,
2606,1132,2026-01-30,cancellation,Basic,-9.99,content_dissatisfaction
2607,1133,2025-04-08,subscription_start,Basic,9.99,
2608,1134,2025-11-25,subscription_start,Premium,21.99,
2609,1134,2026-01-24,downgrade,Basic,9.99,
2610,1134,2026-01-24,cancellation,Basic,-9.99,found_alternative
2611,1135,2025-12-10,trial_start,,0.0,
2612,1135,2025-12-17,trial_churn,,0.0,
2613,1136,2024-07-02,trial_start,,0.0,
2614,1136,2024-07-09,subscription_start,Basic,9.99,
2615,1136,2024-09-07,upgrade,Premium,21.99,
2616,1136,2025-01-05,cancellation,Premium,-21.99,technical_issues
2617,1137,2025-12-14,subscription_start,Standard,15.99,
2618,1137,2026-06-12,cancellation,Standard,-15.99,found_alternative
2619,1138,2024-01-24,trial_start,,0.0,
2620,1138,2024-01-31,subscription_start,Standard,15.99,
3215,1138,2024-01-31,subscription_start,Standard,15.99,
2621,1138,2024-03-01,cancellation,Standard,-15.99,moved_competitor
2622,1139,2025-03-06,trial_start,,0.0,
2623,1139,2025-03-13,subscription_start,Family,27.99,
2624,1140,2026-06-11,trial_start,,0.0,
2625,1140,2026-06-18,subscription_start,Premium,21.99,
2626,1141,2024-12-17,subscription_start,Standard,15.99,
2627,1141,2025-02-15,cancellation,Standard,-15.99,price
2628,1142,2025-06-26,subscription_start,Basic,9.99,
2629,1142,2026-02-21,cancellation,Basic,-9.99,not_using
2630,1143,2024-11-09,subscription_start,Family,27.99,
2631,1144,2026-02-27,trial_start,,0.0,
2632,1144,2026-03-06,subscription_start,Standard,15.99,
2633,1145,2024-06-13,trial_start,,0.0,
2634,1145,2024-06-20,trial_churn,,0.0,
2635,1146,2024-04-29,trial_start,,0.0,
2636,1146,2024-05-06,trial_churn,,0.0,
2637,1147,2024-07-07,subscription_start,Basic,9.99,
2638,1147,2024-12-04,cancellation,Basic,-9.99,price
2639,1148,2024-05-31,trial_start,,0.0,
2640,1148,2024-06-07,subscription_start,Standard,15.99,
2641,1149,2024-01-26,subscription_start,Standard,15.99,
2642,1149,2024-04-25,cancellation,Standard,-15.99,price
2643,1150,2024-06-08,trial_start,,0.0,
2644,1150,2024-06-15,trial_churn,,0.0,
3211,1150,2024-06-15,trial_churn,,0.0,
2645,1151,2025-12-23,subscription_start,Premium,21.99,
2646,1152,2026-03-29,subscription_start,Standard,15.99,
2647,1153,2026-01-19,trial_start,,0.0,
2648,1153,2026-01-26,subscription_start,Family,27.99,
2649,1154,2024-01-26,trial_start,,0.0,
2650,1154,2024-02-02,trial_churn,,0.0,
2651,1155,2024-02-26,subscription_start,Standard,15.99,
2652,1155,2024-12-22,cancellation,Standard,-15.99,content_dissatisfaction
2653,1156,2026-02-24,subscription_start,Basic,9.99,
2654,1156,2026-03-26,cancellation,Basic,-9.99,moved_competitor
2655,1157,2024-03-30,trial_start,,0.0,
2656,1157,2024-04-06,subscription_start,Basic,9.99,
2657,1157,2024-12-02,cancellation,Basic,-9.99,not_using
2658,1158,2024-02-27,trial_start,,0.0,
2659,1158,2024-03-05,subscription_start,Standard,15.99,
2660,1158,2024-12-30,cancellation,Standard,-15.99,content_dissatisfaction
2661,1159,2025-01-16,subscription_start,Standard,15.99,
2662,1160,2024-03-30,subscription_start,Premium,21.99,
2663,1160,2024-06-28,downgrade,Standard,15.99,
2664,1160,2024-06-28,cancellation,Standard,-15.99,price
2665,1160,2024-10-06,reactivation,Standard,15.99,
2666,1160,2025-04-04,upgrade,Family,27.99,
2667,1160,2025-04-04,cancellation,Family,-27.99,not_using
2668,1160,2025-05-05,reactivation,Basic,9.99,
2669,1160,2025-10-02,cancellation,Basic,-9.99,found_alternative
2670,1160,2026-01-30,reactivation,Premium,21.99,
2671,1160,2026-05-30,cancellation,Premium,-21.99,not_using
2672,1161,2024-10-22,subscription_start,Standard,15.99,
2673,1161,2025-04-20,upgrade,Family,27.99,
2674,1161,2025-05-20,cancellation,Family,-27.99,found_alternative
2675,1162,2025-02-28,trial_start,,0.0,
2676,1162,2025-03-07,trial_churn,,0.0,
2677,1163,2025-05-01,subscription_start,Family,27.99,
2678,1163,2025-07-30,downgrade,Standard,15.99,
2679,1163,2025-08-29,cancellation,Standard,-15.99,found_alternative
2680,1163,2025-12-29,reactivation,Standard,15.99,
2681,1164,2024-03-31,trial_start,,0.0,
2682,1164,2024-04-07,subscription_start,Basic,9.99,
2683,1164,2025-04-02,cancellation,Basic,-9.99,price
2684,1165,2025-04-18,subscription_start,Premium,21.99,
2685,1165,2025-08-16,downgrade,Basic,9.99,
2686,1166,2024-10-23,subscription_start,Premium,21.99,
2687,1166,2025-04-21,cancellation,Premium,-21.99,not_using
2688,1167,2024-11-07,subscription_start,Basic,9.99,
2689,1167,2025-04-06,upgrade,Premium,21.99,
2690,1167,2026-01-31,downgrade,Basic,9.99,
2691,1167,2026-04-01,upgrade,Standard,15.99,
2692,1168,2024-06-06,trial_start,,0.0,
2693,1168,2024-06-13,trial_churn,,0.0,
2694,1169,2025-11-12,trial_start,,0.0,
2695,1169,2025-11-19,subscription_start,Premium,21.99,
2696,1170,2026-02-22,subscription_start,Standard,15.99,
2697,1170,2026-04-23,upgrade,Premium,21.99,
2698,1171,2025-08-18,subscription_start,Premium,21.99,
2699,1171,2025-10-17,cancellation,Premium,-21.99,price
2700,1172,2026-04-17,subscription_start,Premium,21.99,
2701,1173,2024-06-15,trial_start,,0.0,
2702,1173,2024-06-22,trial_churn,,0.0,
2703,1174,2024-02-24,trial_start,,0.0,
2704,1174,2024-03-02,subscription_start,Basic,9.99,
2705,1174,2024-11-27,upgrade,Standard,15.99,
2706,1174,2025-09-23,cancellation,Standard,-15.99,price
2707,1175,2024-10-25,subscription_start,Basic,9.99,
2708,1175,2025-01-23,cancellation,Basic,-9.99,moved_competitor
2709,1176,2024-07-06,subscription_start,Premium,21.99,
2710,1176,2025-11-28,downgrade,Basic,9.99,
2711,1177,2026-04-26,trial_start,,0.0,
2712,1177,2026-05-03,trial_churn,,0.0,
2713,1178,2025-08-16,trial_start,,0.0,
2714,1178,2025-08-23,subscription_start,Standard,15.99,
2715,1179,2026-03-08,trial_start,,0.0,
2716,1179,2026-03-15,subscription_start,Basic,9.99,
2717,1179,2026-04-14,upgrade,Standard,15.99,
2718,1180,2024-06-07,trial_start,,0.0,
2719,1180,2024-06-14,trial_churn,,0.0,
2720,1181,2026-05-01,trial_start,,0.0,
2721,1181,2026-05-08,trial_churn,,0.0,
2722,1182,2024-03-19,trial_start,,0.0,
2723,1182,2024-03-26,trial_churn,,0.0,
2724,1183,2025-12-08,trial_start,,0.0,
2725,1183,2025-12-15,trial_churn,,0.0,
2726,1184,2024-12-16,trial_start,,0.0,
2727,1184,2024-12-23,subscription_start,Standard,15.99,
2728,1184,2025-02-21,cancellation,Standard,-15.99,price
2729,1185,2026-05-27,trial_start,,0.0,
2730,1185,2026-06-03,trial_churn,,0.0,
2731,1186,2024-03-21,trial_start,,0.0,
2732,1186,2024-03-28,subscription_start,Basic,9.99,
2733,1186,2024-12-23,cancellation,Basic,-9.99,found_alternative
2734,1186,2025-02-04,reactivation,Basic,9.99,
2735,1187,2025-05-10,trial_start,,0.0,
2736,1187,2025-05-17,trial_churn,,0.0,
2737,1188,2025-04-25,subscription_start,Standard,15.99,
2738,1189,2026-02-11,trial_start,,0.0,
2739,1189,2026-02-18,subscription_start,Basic,9.99,
2740,1190,2024-07-23,subscription_start,Premium,21.99,
2741,1190,2024-10-21,cancellation,Premium,-21.99,not_using
2742,1191,2024-10-11,subscription_start,Standard,15.99,
2743,1191,2025-05-09,upgrade,Family,27.99,
2744,1191,2025-12-05,cancellation,Family,-27.99,price
2745,1192,2025-09-19,subscription_start,Standard,15.99,
2746,1193,2025-06-25,subscription_start,Basic,9.99,
2747,1194,2025-07-04,subscription_start,Standard,15.99,
2748,1194,2026-01-30,downgrade,Basic,9.99,
2749,1195,2026-05-21,subscription_start,Basic,9.99,
2750,1196,2024-04-19,trial_start,,0.0,
2751,1196,2024-04-26,subscription_start,Family,27.99,
2752,1196,2024-06-25,cancellation,Family,-27.99,price
2753,1197,2024-08-21,trial_start,,0.0,
2754,1197,2024-08-28,trial_churn,,0.0,
2755,1198,2025-06-16,trial_start,,0.0,
2756,1198,2025-06-23,subscription_start,Standard,15.99,
2757,1199,2024-02-11,trial_start,,0.0,
2758,1199,2024-02-18,trial_churn,,0.0,
2759,1200,2026-01-23,trial_start,,0.0,
2760,1200,2026-01-30,trial_churn,,0.0,
2761,1201,2024-10-24,subscription_start,Premium,21.99,
2762,1202,2025-01-11,trial_start,,0.0,
2763,1202,2025-01-18,subscription_start,Basic,9.99,
2764,1202,2025-03-19,upgrade,Premium,21.99,
2765,1203,2025-06-19,trial_start,,0.0,
2766,1203,2025-06-26,subscription_start,Basic,9.99,
2767,1203,2025-11-23,upgrade,Family,27.99,
2768,1204,2025-08-27,trial_start,,0.0,
2769,1204,2025-09-03,subscription_start,Standard,15.99,
2770,1204,2026-01-01,upgrade,Premium,21.99,
2771,1205,2024-07-22,trial_start,,0.0,
2772,1205,2024-07-29,trial_churn,,0.0,
2773,1206,2026-05-08,trial_start,,0.0,
2774,1206,2026-05-15,subscription_start,Basic,9.99,
2775,1207,2026-02-13,subscription_start,Premium,21.99,
2776,1207,2026-04-14,downgrade,Basic,9.99,
2777,1208,2025-05-11,trial_start,,0.0,
2778,1208,2025-05-18,subscription_start,Premium,21.99,
2779,1208,2025-09-15,upgrade,Family,27.99,
2780,1209,2025-05-16,trial_start,,0.0,
2781,1209,2025-05-23,subscription_start,Standard,15.99,
2782,1209,2026-06-17,downgrade,Basic,9.99,
2783,1210,2024-02-24,trial_start,,0.0,
2784,1210,2024-03-02,subscription_start,Standard,15.99,
2785,1210,2026-04-21,downgrade,Basic,9.99,
2786,1211,2025-11-26,subscription_start,Basic,9.99,
2787,1212,2025-11-07,trial_start,,0.0,
2788,1212,2025-11-14,trial_churn,,0.0,
2789,1213,2025-05-24,trial_start,,0.0,
2790,1213,2025-05-31,trial_churn,,0.0,
2791,1214,2026-02-21,trial_start,,0.0,
2792,1214,2026-02-28,subscription_start,Standard,15.99,
2793,1215,2024-11-18,trial_start,,0.0,
2794,1215,2024-11-25,trial_churn,,0.0,
2795,1216,2026-05-31,trial_start,,0.0,
2796,1216,2026-06-07,trial_churn,,0.0,
2797,1217,2026-01-02,subscription_start,Basic,9.99,
2798,1218,2025-12-02,trial_start,,0.0,
2799,1218,2025-12-09,trial_churn,,0.0,
2800,1219,2025-02-04,subscription_start,Premium,21.99,
2801,1219,2025-09-02,downgrade,Standard,15.99,
2802,1220,2026-02-23,trial_start,,0.0,
2803,1220,2026-03-02,subscription_start,Basic,9.99,
2804,1221,2025-01-10,trial_start,,0.0,
2805,1221,2025-01-17,trial_churn,,0.0,
2806,1222,2025-03-14,subscription_start,Premium,21.99,
2807,1222,2026-01-08,downgrade,Basic,9.99,
2808,1223,2024-09-10,subscription_start,Premium,21.99,
2809,1223,2026-06-02,cancellation,Premium,-21.99,content_dissatisfaction
2810,1224,2024-04-27,trial_start,,0.0,
2811,1224,2024-05-04,trial_churn,,0.0,
2812,1225,2026-06-03,trial_start,,0.0,
2813,1225,2026-06-10,trial_churn,,0.0,
2814,1226,2025-04-25,trial_start,,0.0,
2815,1226,2025-05-02,trial_churn,,0.0,
2816,1227,2025-08-09,trial_start,,0.0,
2817,1227,2025-08-16,subscription_start,Family,27.99,
2818,1227,2026-03-14,downgrade,Standard,15.99,
2819,1227,2026-06-12,cancellation,Standard,-15.99,technical_issues
2820,1228,2025-05-29,trial_start,,0.0,
2821,1228,2025-06-05,trial_churn,,0.0,
2822,1229,2025-10-12,trial_start,,0.0,
2823,1229,2025-10-19,subscription_start,Family,27.99,
2824,1230,2024-10-31,subscription_start,Standard,15.99,
2825,1231,2025-08-15,subscription_start,Family,27.99,
2826,1231,2026-02-11,downgrade,Standard,15.99,
2827,1232,2025-05-01,trial_start,,0.0,
2828,1232,2025-05-08,subscription_start,Standard,15.99,
2829,1233,2024-11-03,trial_start,,0.0,
2830,1233,2024-11-10,subscription_start,Basic,9.99,
2831,1233,2025-02-08,upgrade,Premium,21.99,
2832,1233,2025-06-08,downgrade,Standard,15.99,
2833,1234,2025-10-01,subscription_start,Standard,15.99,
2834,1234,2025-12-30,cancellation,Standard,-15.99,price
2835,1235,2025-10-04,subscription_start,Standard,15.99,
2836,1235,2026-04-02,downgrade,Basic,9.99,
2837,1236,2026-04-23,subscription_start,Standard,15.99,
2838,1237,2025-03-20,trial_start,,0.0,
2839,1237,2025-03-27,subscription_start,Premium,21.99,
2840,1237,2025-04-26,cancellation,Premium,-21.99,content_dissatisfaction
2841,1238,2024-05-31,subscription_start,Basic,9.99,
2842,1238,2026-03-22,upgrade,Standard,15.99,
2843,1238,2026-04-21,cancellation,Standard,-15.99,price
2844,1239,2025-02-24,subscription_start,Family,27.99,
2845,1239,2026-03-21,downgrade,Standard,15.99,
2846,1239,2026-04-20,cancellation,Standard,-15.99,found_alternative
2847,1240,2024-09-30,trial_start,,0.0,
2848,1240,2024-10-07,subscription_start,Premium,21.99,
2849,1240,2025-12-31,downgrade,Basic,9.99,
2850,1241,2024-09-01,trial_start,,0.0,
2851,1241,2024-09-08,trial_churn,,0.0,
2852,1242,2025-07-27,trial_start,,0.0,
2853,1242,2025-08-03,trial_churn,,0.0,
2854,1243,2024-05-19,trial_start,,0.0,
2855,1243,2024-05-26,subscription_start,Standard,15.99,
2856,1243,2026-04-16,cancellation,Standard,-15.99,found_alternative
2857,1244,2026-05-22,trial_start,,0.0,
2858,1244,2026-05-29,trial_churn,,0.0,
2859,1245,2024-03-26,subscription_start,Premium,21.99,
2860,1245,2024-11-21,cancellation,Premium,-21.99,content_dissatisfaction
2861,1246,2025-11-18,trial_start,,0.0,
2862,1246,2025-11-25,subscription_start,Standard,15.99,
2863,1247,2025-08-07,subscription_start,Basic,9.99,
2864,1247,2026-06-03,cancellation,Basic,-9.99,not_using
2865,1248,2025-06-21,trial_start,,0.0,
2866,1248,2025-06-28,subscription_start,Premium,21.99,
2867,1248,2025-09-26,upgrade,Family,27.99,
2868,1248,2026-06-23,cancellation,Family,-27.99,price
2869,1249,2026-04-06,subscription_start,Standard,15.99,
2870,1250,2026-01-31,trial_start,,0.0,
2871,1250,2026-02-07,trial_churn,,0.0,
2872,1251,2024-10-08,trial_start,,0.0,
2873,1251,2024-10-15,subscription_start,Standard,15.99,
2874,1252,2025-01-18,subscription_start,Standard,15.99,
2875,1252,2025-03-19,downgrade,Basic,9.99,
2876,1252,2026-03-14,upgrade,Standard,15.99,
2877,1253,2026-06-19,trial_start,,0.0,
2878,1253,2026-06-26,subscription_start,Standard,15.99,
2879,1254,2025-09-12,subscription_start,Premium,21.99,
2880,1254,2025-11-11,cancellation,Premium,-21.99,content_dissatisfaction
2881,1255,2026-03-18,subscription_start,Basic,9.99,
2882,1256,2025-12-02,trial_start,,0.0,
2883,1256,2025-12-09,subscription_start,Premium,21.99,
2884,1257,2025-02-06,trial_start,,0.0,
2885,1257,2025-02-13,subscription_start,Standard,15.99,
2886,1257,2025-09-11,cancellation,Standard,-15.99,technical_issues
2887,1258,2026-05-30,subscription_start,Standard,15.99,
2888,1259,2024-10-07,subscription_start,Premium,21.99,
2889,1259,2026-04-30,cancellation,Premium,-21.99,price
2890,1260,2026-05-11,subscription_start,Standard,15.99,
2891,1261,2025-12-16,subscription_start,Family,27.99,
2892,1262,2025-07-14,trial_start,,0.0,
2893,1262,2025-07-21,subscription_start,Family,27.99,
2894,1262,2025-10-19,downgrade,Standard,15.99,
2895,1262,2026-05-17,cancellation,Standard,-15.99,not_using
2896,1263,2024-07-07,trial_start,,0.0,
2897,1263,2024-07-14,subscription_start,Premium,21.99,
2898,1264,2025-10-05,trial_start,,0.0,
2899,1264,2025-10-12,subscription_start,Premium,21.99,
2900,1264,2026-03-11,downgrade,Standard,15.99,
2901,1265,2025-12-31,subscription_start,Basic,9.99,
2902,1266,2024-11-23,trial_start,,0.0,
2903,1266,2024-11-30,trial_churn,,0.0,
2904,1267,2025-08-30,trial_start,,0.0,
2905,1267,2025-09-06,subscription_start,Standard,15.99,
2906,1268,2025-02-06,trial_start,,0.0,
2907,1268,2025-02-13,trial_churn,,0.0,
2908,1269,2024-01-24,subscription_start,Premium,21.99,
2909,1269,2024-04-23,cancellation,Premium,-21.99,content_dissatisfaction
2910,1270,2024-07-22,trial_start,,0.0,
2911,1270,2024-07-29,subscription_start,Standard,15.99,
2912,1270,2026-05-20,upgrade,Premium,21.99,
2913,1271,2025-09-06,subscription_start,Premium,21.99,
2914,1271,2026-01-04,cancellation,Premium,-21.99,not_using
2915,1272,2024-04-30,subscription_start,Family,27.99,
2916,1272,2024-09-27,downgrade,Premium,21.99,
2917,1272,2024-12-26,upgrade,Family,27.99,
2918,1273,2025-05-21,trial_start,,0.0,
2919,1273,2025-05-28,subscription_start,Family,27.99,
2920,1274,2025-05-21,trial_start,,0.0,
2921,1274,2025-05-28,trial_churn,,0.0,
2922,1275,2026-04-23,trial_start,,0.0,
2923,1275,2026-04-30,subscription_start,Standard,15.99,
2924,1275,2026-05-30,cancellation,Standard,-15.99,content_dissatisfaction
2925,1276,2024-05-29,trial_start,,0.0,
2926,1276,2024-06-05,trial_churn,,0.0,
2927,1277,2024-09-11,trial_start,,0.0,
2928,1277,2024-09-18,trial_churn,,0.0,
2929,1278,2024-05-16,subscription_start,Family,27.99,
2930,1278,2024-10-13,downgrade,Premium,21.99,
2931,1278,2025-12-07,downgrade,Basic,9.99,
2932,1278,2026-06-05,cancellation,Basic,-9.99,price
2933,1279,2025-12-26,trial_start,,0.0,
2934,1279,2026-01-02,trial_churn,,0.0,
2935,1280,2024-02-23,subscription_start,Premium,21.99,
2936,1280,2024-04-23,downgrade,Standard,15.99,
2937,1280,2025-12-14,upgrade,Premium,21.99,
2938,1281,2025-11-17,trial_start,,0.0,
2939,1281,2025-11-24,subscription_start,Standard,15.99,
2940,1281,2025-12-24,downgrade,Basic,9.99,
2941,1282,2025-09-26,trial_start,,0.0,
2942,1282,2025-10-03,subscription_start,Basic,9.99,
2943,1283,2025-07-26,trial_start,,0.0,
2944,1283,2025-08-02,trial_churn,,0.0,
2945,1284,2024-12-13,trial_start,,0.0,
2946,1284,2024-12-20,trial_churn,,0.0,
2947,1285,2024-09-23,subscription_start,Standard,15.99,
2948,1285,2024-11-22,downgrade,Basic,9.99,
2949,1286,2026-05-04,subscription_start,Basic,9.99,
3219,1286,2026-05-04,subscription_start,Basic,9.99,
2950,1287,2024-09-26,trial_start,,0.0,
2951,1287,2024-10-03,trial_churn,,0.0,
2952,1288,2024-06-17,trial_start,,0.0,
2953,1288,2024-06-24,subscription_start,Standard,15.99,
2954,1288,2024-08-23,downgrade,Basic,9.99,
2955,1288,2024-08-23,cancellation,Basic,-9.99,price
2956,1289,2025-11-04,trial_start,,0.0,
2957,1289,2025-11-11,subscription_start,Family,27.99,
2958,1290,2024-07-06,trial_start,,0.0,
2959,1290,2024-07-13,subscription_start,Standard,15.99,
2960,1290,2025-02-08,cancellation,Standard,-15.99,price
2961,1291,2025-05-21,trial_start,,0.0,
2962,1291,2025-05-28,trial_churn,,0.0,
2963,1292,2025-05-19,trial_start,,0.0,
2964,1292,2025-05-26,trial_churn,,0.0,
2965,1293,2024-07-27,subscription_start,Premium,21.99,
2966,1293,2024-12-24,cancellation,Premium,-21.99,content_dissatisfaction
2967,1294,2025-07-30,trial_start,,0.0,
2968,1294,2025-08-06,trial_churn,,0.0,
2969,1295,2025-08-07,subscription_start,Standard,15.99,
2970,1296,2026-06-27,trial_start,,0.0,
2971,1296,2026-07-04,trial_churn,,0.0,
2972,1297,2025-08-27,trial_start,,0.0,
2973,1297,2025-09-03,subscription_start,Family,27.99,
2974,1298,2025-12-25,subscription_start,Family,27.99,
2975,1299,2024-12-03,subscription_start,Standard,15.99,
2976,1299,2026-03-28,cancellation,Standard,-15.99,price
2977,1300,2026-01-21,trial_start,,0.0,
2978,1300,2026-01-28,subscription_start,Standard,15.99,
2979,1301,2024-02-26,trial_start,,0.0,
2980,1301,2024-03-04,subscription_start,Premium,21.99,
2981,1301,2025-10-25,downgrade,Standard,15.99,
2982,1302,2024-07-01,trial_start,,0.0,
2983,1302,2024-07-08,subscription_start,Premium,21.99,
2984,1302,2025-03-05,downgrade,Basic,9.99,
2985,1302,2025-04-04,cancellation,Basic,-9.99,not_using
2986,1303,2024-08-01,trial_start,,0.0,
2987,1303,2024-08-08,trial_churn,,0.0,
2988,1304,2025-05-17,trial_start,,0.0,
2989,1304,2025-05-24,subscription_start,Premium,21.99,
2990,1304,2025-12-20,cancellation,Premium,-21.99,moved_competitor
2991,1305,2025-11-12,trial_start,,0.0,
2992,1305,2025-11-19,subscription_start,Standard,15.99,
2993,1306,2025-02-01,subscription_start,Standard,15.99,
2994,1306,2025-07-31,upgrade,Family,27.99,
2995,1307,2026-04-10,trial_start,,0.0,
2996,1307,2026-04-17,trial_churn,,0.0,
2997,1308,2025-06-09,subscription_start,Premium,21.99,
2998,1309,2025-06-23,trial_start,,0.0,
2999,1309,2025-06-30,subscription_start,Basic,9.99,
3000,1309,2026-05-26,upgrade,Premium,21.99,
3001,1310,2026-03-31,subscription_start,Premium,21.99,
3002,1311,2025-06-19,subscription_start,Standard,15.99,
3003,1311,2025-11-16,cancellation,Standard,-15.99,content_dissatisfaction
3004,1312,2025-06-09,subscription_start,Standard,15.99,
3005,1312,2026-06-04,cancellation,Standard,-15.99,price
3006,1313,2025-08-05,trial_start,,0.0,
3007,1313,2025-08-12,subscription_start,Family,27.99,
3008,1314,2026-01-28,trial_start,,0.0,
3009,1314,2026-02-04,subscription_start,Standard,15.99,
3010,1315,2025-03-02,trial_start,,0.0,
3011,1315,2025-03-09,subscription_start,Family,27.99,
3012,1315,2025-05-08,downgrade,Premium,21.99,
3013,1316,2024-09-28,trial_start,,0.0,
3014,1316,2024-10-05,trial_churn,,0.0,
3015,1317,2024-03-21,trial_start,,0.0,
3016,1317,2024-03-28,subscription_start,Standard,15.99,
3017,1317,2024-04-27,upgrade,Premium,21.99,
3018,1317,2024-09-24,cancellation,Premium,-21.99,not_using
3019,1317,2025-04-01,reactivation,Basic,9.99,
3020,1317,2026-03-27,cancellation,Basic,-9.99,price
3021,1318,2024-01-06,trial_start,,0.0,
3022,1318,2024-01-13,subscription_start,Premium,21.99,
3023,1318,2024-12-08,downgrade,Basic,9.99,
3024,1318,2025-11-03,cancellation,Basic,-9.99,not_using
3025,1319,2025-02-18,trial_start,,0.0,
3026,1319,2025-02-25,trial_churn,,0.0,
3027,1320,2026-04-12,subscription_start,Basic,9.99,
3028,1320,2026-05-12,upgrade,Standard,15.99,
3029,1321,2024-03-30,subscription_start,Basic,9.99,
3030,1321,2024-12-25,cancellation,Basic,-9.99,price
3031,1322,2024-07-11,trial_start,,0.0,
3032,1322,2024-07-18,trial_churn,,0.0,
3033,1323,2025-10-03,trial_start,,0.0,
3034,1323,2025-10-10,trial_churn,,0.0,
3035,1324,2025-03-08,subscription_start,Premium,21.99,
3036,1324,2026-03-03,cancellation,Premium,-21.99,price
3037,1325,2025-04-27,trial_start,,0.0,
3038,1325,2025-05-04,subscription_start,Standard,15.99,
3039,1326,2026-04-29,subscription_start,Basic,9.99,
3040,1326,2026-06-28,upgrade,Premium,21.99,
3041,1327,2026-05-18,subscription_start,Standard,15.99,
3042,1328,2024-02-07,subscription_start,Standard,15.99,
3043,1328,2024-05-07,downgrade,Basic,9.99,
3044,1328,2024-08-05,cancellation,Basic,-9.99,not_using
3045,1329,2026-04-16,trial_start,,0.0,
3046,1329,2026-04-23,subscription_start,Basic,9.99,
3047,1330,2024-11-19,subscription_start,Standard,15.99,
3048,1330,2025-05-18,cancellation,Standard,-15.99,price
3049,1330,2025-08-25,reactivation,Standard,15.99,
3050,1330,2026-02-21,upgrade,Family,27.99,
3051,1331,2024-04-29,subscription_start,Basic,9.99,
3052,1331,2025-01-24,upgrade,Standard,15.99,
3053,1331,2025-05-24,downgrade,Basic,9.99,
3054,1332,2024-01-22,trial_start,,0.0,
3055,1332,2024-01-29,trial_churn,,0.0,
3056,1333,2025-06-03,subscription_start,Family,27.99,
3057,1333,2026-06-28,cancellation,Family,-27.99,price
3058,1334,2026-01-02,subscription_start,Premium,21.99,
3059,1335,2026-05-03,trial_start,,0.0,
3060,1335,2026-05-10,subscription_start,Basic,9.99,
3061,1336,2024-10-16,trial_start,,0.0,
3062,1336,2024-10-23,trial_churn,,0.0,
3063,1337,2025-05-18,trial_start,,0.0,
3064,1337,2025-05-25,subscription_start,Standard,15.99,
3065,1337,2025-06-24,cancellation,Standard,-15.99,not_using
3066,1338,2024-08-02,trial_start,,0.0,
3067,1338,2024-08-09,subscription_start,Family,27.99,
3068,1339,2024-06-11,subscription_start,Standard,15.99,
3069,1339,2024-07-11,upgrade,Family,27.99,
3070,1339,2024-12-08,cancellation,Family,-27.99,price
3071,1340,2024-12-11,trial_start,,0.0,
3072,1340,2024-12-18,subscription_start,Premium,21.99,
3073,1340,2026-02-11,downgrade,Standard,15.99,
3074,1341,2024-09-21,trial_start,,0.0,
3075,1341,2024-09-28,subscription_start,Standard,15.99,
3076,1341,2025-01-26,cancellation,Standard,-15.99,found_alternative
3077,1342,2024-06-03,subscription_start,Basic,9.99,
3078,1342,2025-09-26,cancellation,Basic,-9.99,price
3079,1343,2025-03-24,subscription_start,Standard,15.99,
3080,1343,2025-08-21,downgrade,Basic,9.99,
3081,1344,2025-09-16,trial_start,,0.0,
3082,1344,2025-09-23,subscription_start,Basic,9.99,
3083,1345,2024-04-30,subscription_start,Standard,15.99,
3084,1345,2024-05-30,cancellation,Standard,-15.99,price
3085,1346,2026-02-19,trial_start,,0.0,
3086,1346,2026-02-26,subscription_start,Family,27.99,
3087,1347,2024-12-08,subscription_start,Basic,9.99,
3088,1347,2025-10-04,cancellation,Basic,-9.99,not_using
3089,1347,2026-01-31,reactivation,Basic,9.99,
3090,1348,2024-01-07,trial_start,,0.0,
3091,1348,2024-01-14,trial_churn,,0.0,
3092,1349,2024-03-28,trial_start,,0.0,
3093,1349,2024-04-04,subscription_start,Standard,15.99,
3094,1349,2025-04-29,cancellation,Standard,-15.99,found_alternative
3095,1350,2024-09-08,trial_start,,0.0,
3096,1350,2024-09-15,trial_churn,,0.0,
3097,1351,2025-03-15,subscription_start,Standard,15.99,
3098,1352,2025-01-05,subscription_start,Family,27.99,
3099,1352,2025-04-05,cancellation,Family,-27.99,price
3100,1353,2024-03-27,trial_start,,0.0,
3101,1353,2024-04-03,subscription_start,Family,27.99,
3102,1353,2024-05-03,cancellation,Family,-27.99,moved_competitor
3103,1354,2025-02-06,trial_start,,0.0,
3104,1354,2025-02-13,trial_churn,,0.0,
3105,1355,2025-10-08,subscription_start,Basic,9.99,
3106,1356,2026-01-08,subscription_start,Basic,9.99,
3107,1356,2026-03-09,upgrade,Standard,15.99,
3108,1357,2025-09-17,subscription_start,Standard,15.99,
3109,1357,2026-06-14,cancellation,Standard,-15.99,moved_competitor
3110,1358,2025-10-01,subscription_start,Basic,9.99,
3111,1358,2025-12-30,upgrade,Premium,21.99,
3112,1359,2026-06-21,subscription_start,Standard,15.99,
3113,1360,2026-01-27,trial_start,,0.0,
3114,1360,2026-02-03,trial_churn,,0.0,
3115,1361,2025-07-19,trial_start,,0.0,
3116,1361,2025-07-26,subscription_start,Standard,15.99,
3117,1362,2026-03-26,subscription_start,Basic,9.99,
3118,1363,2025-06-01,trial_start,,0.0,
3119,1363,2025-06-08,trial_churn,,0.0,
3120,1364,2024-12-28,trial_start,,0.0,
3121,1364,2025-01-04,subscription_start,Standard,15.99,
3122,1364,2025-04-04,downgrade,Basic,9.99,
3123,1364,2026-03-30,upgrade,Premium,21.99,
3124,1365,2025-08-09,trial_start,,0.0,
3125,1365,2025-08-16,trial_churn,,0.0,
3126,1366,2025-10-04,trial_start,,0.0,
3127,1366,2025-10-11,subscription_start,Standard,15.99,
3128,1367,2026-03-14,subscription_start,Family,27.99,
3129,1368,2024-04-17,trial_start,,0.0,
3130,1368,2024-04-24,trial_churn,,0.0,
3131,1369,2024-05-30,trial_start,,0.0,
3132,1369,2024-06-06,subscription_start,Basic,9.99,
3133,1369,2024-07-06,cancellation,Basic,-9.99,price
3134,1370,2024-05-13,trial_start,,0.0,
3135,1370,2024-05-20,trial_churn,,0.0,
3136,1371,2025-07-26,trial_start,,0.0,
3137,1371,2025-08-02,subscription_start,Family,27.99,
3138,1372,2025-03-09,subscription_start,Family,27.99,
3139,1373,2024-05-27,subscription_start,Basic,9.99,
3140,1373,2024-07-26,upgrade,Premium,21.99,
3141,1373,2025-02-21,downgrade,Standard,15.99,
3142,1373,2025-04-22,upgrade,Family,27.99,
3143,1373,2025-12-18,cancellation,Family,-27.99,price
3144,1374,2025-06-09,trial_start,,0.0,
3145,1374,2025-06-16,trial_churn,,0.0,
3146,1375,2024-06-09,subscription_start,Premium,21.99,
3147,1375,2024-07-09,upgrade,Family,27.99,
3148,1375,2025-07-04,downgrade,Basic,9.99,
3149,1376,2024-04-22,trial_start,,0.0,
3150,1376,2024-04-29,trial_churn,,0.0,
3151,1377,2025-01-15,trial_start,,0.0,
3152,1377,2025-01-22,subscription_start,Standard,15.99,
3153,1377,2025-08-20,cancellation,Standard,-15.99,not_using
3154,1378,2024-05-26,subscription_start,Premium,21.99,
3155,1378,2024-06-25,cancellation,Premium,-21.99,not_using
3156,1378,2024-10-26,reactivation,Premium,21.99,
3157,1379,2024-08-08,trial_start,,0.0,
3158,1379,2024-08-15,subscription_start,Standard,15.99,
3159,1379,2025-07-11,cancellation,Standard,-15.99,price
3160,1380,2024-03-10,trial_start,,0.0,
3161,1380,2024-03-17,trial_churn,,0.0,
3162,1381,2024-12-11,trial_start,,0.0,
3163,1381,2024-12-18,subscription_start,Premium,21.99,
3164,1381,2025-06-16,cancellation,Premium,-21.99,found_alternative
3165,1382,2024-05-21,trial_start,,0.0,
3166,1382,2024-05-28,subscription_start,Premium,21.99,
3167,1382,2025-04-23,cancellation,Premium,-21.99,found_alternative
3168,1383,2026-01-15,trial_start,,0.0,
3169,1383,2026-01-22,trial_churn,,0.0,
3170,1384,2024-08-26,subscription_start,Standard,15.99,
3171,1384,2024-10-25,cancellation,Standard,-15.99,found_alternative
3172,1385,2025-10-23,trial_start,,0.0,
3173,1385,2025-10-30,trial_churn,,0.0,
3174,1386,2026-03-01,trial_start,,0.0,
3175,1386,2026-03-08,subscription_start,Premium,21.99,
3176,1387,2025-09-25,trial_start,,0.0,
3177,1387,2025-10-02,trial_churn,,0.0,
3178,1388,2026-02-07,trial_start,,0.0,
3179,1388,2026-02-14,subscription_start,Standard,15.99,
3180,1389,2024-01-20,trial_start,,0.0,
3181,1389,2024-01-27,subscription_start,Premium,21.99,
3182,1390,2026-04-06,trial_start,,0.0,
3183,1390,2026-04-13,trial_churn,,0.0,
3184,1391,2024-01-24,trial_start,,0.0,
3185,1391,2024-01-31,subscription_start,Premium,21.99,
3186,1391,2024-04-30,cancellation,Premium,-21.99,found_alternative
3187,1392,2024-09-20,trial_start,,0.0,
3188,1392,2024-09-27,subscription_start,Premium,21.99,
3189,1392,2026-04-20,downgrade,Standard,15.99,
3190,1393,2024-07-06,subscription_start,Premium,21.99,
3191,1393,2025-03-03,cancellation,Premium,-21.99,price
3192,1394,2024-03-01,trial_start,,0.0,
3193,1394,2024-03-08,subscription_start,Standard,15.99,
3194,1394,2024-12-03,cancellation,Standard,-15.99,content_dissatisfaction
3195,1395,2024-04-11,trial_start,,0.0,
3196,1395,2024-04-18,subscription_start,Basic,9.99,
3197,1395,2025-05-13,upgrade,Standard,15.99,
3198,1395,2025-12-09,cancellation,Standard,-15.99,technical_issues
3199,1396,2026-04-27,trial_start,,0.0,
3200,1396,2026-05-04,subscription_start,Basic,9.99,
3201,1396,2026-06-03,upgrade,Premium,21.99,
3202,1397,2025-05-19,trial_start,,0.0,
3203,1397,2025-05-26,subscription_start,Standard,15.99,
3204,1397,2025-11-22,cancellation,Standard,-15.99,not_using
3205,1398,2024-11-21,trial_start,,0.0,
3206,1398,2024-11-28,trial_churn,,0.0,
3207,1399,2024-08-27,trial_start,,0.0,
3208,1399,2024-09-03,trial_churn,,0.0,
3209,1400,2025-07-22,trial_start,,0.0,
3210,1400,2025-07-29,trial_churn,,0.0,
